scheme,source_code,source_label,analysis_code,analysis_label,mapping_kind,n_2010_in_group,n_2018_in_group
2012,0010,Chief Executives,0010,Chief Executives,one_to_one,1,1
2012,0020,General and Operations Managers,0020,General and Operations Managers,one_to_one,1,1
2012,0030,Legislators,0030,Legislators,one_to_one,1,1
2012,0040,Advertising and Promotions Managers,0040,Advertising and Promotions Managers,one_to_one,1,1
2012,0050,Marketing and Sales Managers,0051,Marketing and Sales Managers,split_collapsed,1,2
2012,0060,Public Relations and Fundraising Managers,0060,Public Relations and Fundraising Managers,one_to_one,1,1
2012,0100,Administrative Services Managers,0101,Administrative Services Managers,split_collapsed,1,2
2012,0110,Computer and Information Systems Managers,0110,Computer and Information Systems Managers,one_to_one,1,1
2012,0120,Financial Managers,0120,Financial Managers,one_to_one,1,1
2012,0135,Compensation and Benefits Managers,0135,Compensation and Benefits Managers,one_to_one,1,1
2012,0136,Human Resources Managers,0136,Human Resources Managers,one_to_one,1,1
2012,0137,Training and Development Managers,0137,Training and Development Managers,one_to_one,1,1
2012,0140,Industrial Production Managers,0140,Industrial Production Managers,one_to_one,1,1
2012,0150,Purchasing Managers,0150,Purchasing Managers,one_to_one,1,1
2012,0160,"Transportation, Storage, and Distribution Managers",0160,"Transportation, Storage, and Distribution Managers",one_to_one,1,1
2012,0205,"Farmers, Ranchers, and Other Agricultural Managers",0205,"Farmers, Ranchers, and Other Agricultural Managers",one_to_one,1,1
2012,0220,Construction Managers,0220,Construction Managers,one_to_one,1,1
2012,0230,Education Administrators,0230,Education and Childcare Administrators,one_to_one,1,1
2012,0300,Architectural and Engineering Managers,0300,Architectural and Engineering Managers,one_to_one,1,1
2012,0310,Food Service Managers,0310,Food Service Managers,one_to_one,1,1
2012,0325,Funeral Service Managers,0325,Funeral Home Managers,one_to_one,1,1
2012,0330,Gaming Managers,0335,Entertainment and Recreation Managers,one_to_one,1,1
2012,0340,Lodging Managers,0340,Lodging Managers,one_to_one,1,1
2012,0350,Medical and Health Services Managers,0350,Medical and Health Services Managers,one_to_one,1,1
2012,0360,Natural Sciences Managers,0360,Natural Sciences Managers,one_to_one,1,1
2012,0400,Postmasters and Mail Superintendents,0400,Postmasters and Mail Superintendents,one_to_one,1,1
2012,0410,"Property, Real Estate, and Community Association Managers",0410,"Property, Real Estate, and Community Association Managers",one_to_one,1,1
2012,0420,Social and Community Service Managers,0420,Social and Community Service Managers,one_to_one,1,1
2012,0425,Emergency Management Directors,0425,Emergency Management Directors,one_to_one,1,1
2012,0430,"Managers, All Other",0440,"Managers, All Other",one_to_one,1,1
2012,0500,"Agents and Business Managers of Artists, Performers, and Athletes",0500,"Agents and Business Managers of Artists, Performers, and Athletes",one_to_one,1,1
2012,0510,"Buyers and Purchasing Agents, Farm Products",0510,"Buyers and Purchasing Agents, Farm Products",one_to_one,1,1
2012,0520,"Wholesale and Retail Buyers, Except Farm Products",0520,"Wholesale and Retail Buyers, Except Farm Products",one_to_one,1,1
2012,0530,"Purchasing Agents, Except Wholesale, Retail, and Farm Products",0530,"Purchasing Agents, Except Wholesale, Retail, and Farm Products",one_to_one,1,1
2012,0540,"Claims Adjusters, Appraisers, Examiners, and Investigators",0540,"Claims Adjusters, Appraisers, Examiners, and Investigators",one_to_one,1,1
2012,0565,Compliance Officers,0565,Compliance Officers,one_to_one,1,1
2012,0600,Cost Estimators,0600,Cost Estimators,one_to_one,1,1
2012,0630,Human Resources Workers,0630,Human Resources Workers,one_to_one,1,1
2012,0640,"Compensation, Benefits, and Job Analysis Specialists",0640,"Compensation, Benefits, and Job Analysis Specialists",one_to_one,1,1
2012,0650,Training and Development Specialists,0650,Training and Development Specialists,one_to_one,1,1
2012,0700,Logisticians,0700,Logisticians,one_to_one,1,1
2012,0710,Management Analysts,0710,Management Analysts,one_to_one,1,1
2012,0725,"Meeting, Convention, and Event Planners",0725,"Meeting, Convention, and Event Planners",one_to_one,1,1
2012,0726,Fundraisers,0726,Fundraisers,one_to_one,1,1
2012,0735,Market Research Analysts and Marketing Specialists,0735,Market Research Analysts and Marketing Specialists,one_to_one,1,1
2012,0740,"Business Operations Specialists, All Other",0750,"Business Operations Specialists, All Other",one_to_one,1,1
2012,0800,Accountants and Auditors,0800,Accountants and Auditors,one_to_one,1,1
2012,0810,Appraisers and Assessors of Real Estate,0810,Property Appraisers and Assessors,one_to_one,1,1
2012,0820,Budget Analysts,0820,Budget Analysts,one_to_one,1,1
2012,0830,Credit Analysts,0830,Credit Analysts,one_to_one,1,1
2012,0840,Financial Analysts,0845,Financial and Investment Analysts,one_to_one,1,1
2012,0850,Personal Financial Advisors,0850,Personal Financial Advisors,one_to_one,1,1
2012,0860,Insurance Underwriters,0860,Insurance Underwriters,one_to_one,1,1
2012,0900,Financial Examiners,0900,Financial Examiners,one_to_one,1,1
2012,0910,Credit Counselors and Loan Officers,0910,Credit Counselors and Loan Officers,one_to_one,1,1
2012,0930,"Tax Examiners and Collectors, and Revenue Agents",0930,"Tax Examiners and Collectors, and Revenue Agents",one_to_one,1,1
2012,0940,Tax Preparers,0940,Tax Preparers,one_to_one,1,1
2012,0950,"Financial Specialists, All Other",0960,Other Financial Specialists,one_to_one,1,1
2012,1005,Computer and Information Research Scientists,1005,Computer and Information Research Scientists,one_to_one,1,1
2012,1006,Computer Systems Analysts,1006,Computer Systems Analysts,one_to_one,1,1
2012,1007,Information Security Analysts,1007,Information Security Analysts,one_to_one,1,1
2012,1010,Computer Programmers,1010,Computer Programmers,one_to_one,1,1
2012,1020,"Software Developers, Applications and Systems Software",1021,"Software Developers, Applications and Systems Software",split_collapsed,1,2
2012,1030,Web Developers,1031,Web Developers,split_collapsed,1,2
2012,1050,Computer Support Specialists,1050,Computer Support Specialists,one_to_one,1,1
2012,1060,Database Administrators,1065,Database Administrators and Architects,one_to_one,1,1
2012,1105,Network and Computer Systems Administrators,1105,Network and Computer Systems Administrators,one_to_one,1,1
2012,1106,Computer Network Architects,1106,Computer Network Architects,one_to_one,1,1
2012,1107,"Computer Occupations, All Other",1108,"Computer Occupations, All Other",one_to_one,1,1
2012,1200,Actuaries,1200,Actuaries,one_to_one,1,1
2012,1210,Mathematicians,1210,Mathematicians,one_to_one,1,1
2012,1220,Operations Research Analysts,1220,Operations Research Analysts,one_to_one,1,1
2012,1230,Statisticians,1230,Statisticians,one_to_one,1,1
2012,1240,Miscellaneous Mathematical Science Occupations,1240,Other Mathematical Science Occupations,one_to_one,1,1
2012,1300,"Architects, except naval",1305,"Architects, except naval",split_collapsed,1,2
2012,1310,"Surveyors, Cartographers, and Photogrammetrists",1310,"Surveyors, Cartographers, and Photogrammetrists",one_to_one,1,1
2012,1320,Aerospace Engineers,1320,Aerospace Engineers,one_to_one,1,1
2012,1330,Agricultural Engineers,1330,Agricultural Engineers,one_to_one,1,1
2012,1340,Biomedical Engineers,1340,Bioengineers and biomedical engineers,one_to_one,1,1
2012,1350,Chemical Engineers,1350,Chemical Engineers,one_to_one,1,1
2012,1360,Civil Engineers,1360,Civil Engineers,one_to_one,1,1
2012,1400,Computer Hardware Engineers,1400,Computer Hardware Engineers,one_to_one,1,1
2012,1410,Electrical and Electronics Engineers,1410,Electrical and Electronics Engineers,one_to_one,1,1
2012,1420,Environmental Engineers,1420,Environmental Engineers,one_to_one,1,1
2012,1430,"Industrial Engineers, including Health and Safety",1430,"Industrial Engineers, including Health and Safety",one_to_one,1,1
2012,1440,Marine Engineers and Naval Architects,1440,Marine Engineers and Naval Architects,one_to_one,1,1
2012,1450,Materials Engineers,1450,Materials Engineers,one_to_one,1,1
2012,1460,Mechanical Engineers,1460,Mechanical Engineers,one_to_one,1,1
2012,1500,"Mining and Geological Engineers, Including Mining Safety Engineers",1500,"Mining and Geological Engineers, Including Mining Safety Engineers",one_to_one,1,1
2012,1510,Nuclear Engineers,1510,Nuclear Engineers,one_to_one,1,1
2012,1520,Petroleum Engineers,1520,Petroleum Engineers,one_to_one,1,1
2012,1530,"Engineers, All Other",1530,"Engineers, All Other",one_to_one,1,1
2012,1540,Drafters,1541,Drafters,split_collapsed,1,2
2012,1550,"Engineering Technicians, Except Drafters",1551,"Engineering Technicians, Except Drafters",split_collapsed,1,2
2012,1560,Surveying and Mapping Technicians,1560,Surveying and Mapping Technicians,one_to_one,1,1
2012,1600,Agricultural and Food Scientists,1600,Agricultural and Food Scientists,one_to_one,1,1
2012,1610,Biological Scientists,1610,Biological Scientists,one_to_one,1,1
2012,1640,Conservation Scientists and Foresters,1640,Conservation Scientists and Foresters,one_to_one,1,1
2012,1650,Medical Scientists,1650,Medical Scientists,one_to_one,1,1
2012,1660,"Life scientists, all other",1660,"Life Scientists, All Other",one_to_one,1,1
2012,1700,Astronomers and Physicists,1700,Astronomers and Physicists,one_to_one,1,1
2012,1710,Atmospheric and Space Scientists,1710,Atmospheric and Space Scientists,one_to_one,1,1
2012,1720,Chemists and Materials Scientists,1720,Chemists and Materials Scientists,one_to_one,1,1
2012,1740,Environmental Scientists and Geoscientists,1745,Environmental Scientists and Geoscientists,split_collapsed,1,2
2012,1760,"Physical Scientists, All Other",1760,"Physical Scientists, All Other",one_to_one,1,1
2012,1800,Economists,1800,Economists,one_to_one,1,1
2012,1815,Survey Researchers,1815,Survey Researchers,one_to_one,1,1
2012,1820,Psychologists,1821,Psychologists,split_collapsed,1,3
2012,1830,Sociologists,1830,Sociologists,one_to_one,1,1
2012,1840,Urban and Regional Planners,1840,Urban and Regional Planners,one_to_one,1,1
2012,1860,Miscellaneous Social Scientists and Related Workers,1860,Miscellaneous Social Scientists and Related Workers,one_to_one,1,1
2012,1900,Agricultural and Food Science Technicians,1900,Agricultural and Food Science Technicians,one_to_one,1,1
2012,1910,Biological Technicians,1910,Biological Technicians,one_to_one,1,1
2012,1920,Chemical Technicians,1920,Chemical Technicians,one_to_one,1,1
2012,1930,Geological and Petroleum Technicians,1935,Environmental Science and Geoscience Technicians,one_to_one,1,1
2012,1940,Nuclear Technicians,1940,Nuclear Technicians,one_to_one,1,1
2012,1950,Social Science Research Assistants,1950,Social Science Research Assistants,one_to_one,1,1
2012,1965,"Miscellaneous Life, Physical, and Social Science Technicians",1970,"Other Life, Physical, and Social Science Technicians",one_to_one,1,1
2012,2000,Counselors,2001,Counselors,split_collapsed,1,6
2012,2010,Social Workers,2011,Social Workers,split_collapsed,1,4
2012,2015,Probation officers and correctional treatment specialists,2015,Probation Officers and Correctional Treatment Specialists,one_to_one,1,1
2012,2016,Social and human service assistants,2016,Social and Human Service Assistants,one_to_one,1,1
2012,2025,"Miscellaneous Community and Social Service Specialists, including health educators and community health workers",2025,Other Community and Social Service Specialists,one_to_one,1,1
2012,2040,Clergy,2040,Clergy,one_to_one,1,1
2012,2050,"Directors, Religious Activities and Education",2050,"Directors, Religious Activities and Education",one_to_one,1,1
2012,2060,"Religious Workers, All Other",2060,"Religious Workers, All Other",one_to_one,1,1
2012,2100,Lawyers,2100,Lawyers,one_to_one,1,1
2012,2105,Judicial Law Clerks,2105,Judicial Law Clerks,one_to_one,1,1
2012,2110,"Judges, Magistrates, and Other Judicial Workers",2110,"Judges, Magistrates, and Other Judicial Workers",one_to_one,1,1
2012,2145,Paralegals and Legal Assistants,2145,Paralegals and Legal Assistants,one_to_one,1,1
2012,2160,Miscellaneous Legal Support Workers,2170,Miscellaneous Legal Support Workers,split_collapsed,1,3
2012,2200,Postsecondary Teachers,2205,Postsecondary Teachers,one_to_one,1,1
2012,2300,Preschool and Kindergarten Teachers,2300,Preschool and Kindergarten Teachers,one_to_one,1,1
2012,2310,Elementary and Middle School Teachers,2310,Elementary and Middle School Teachers,one_to_one,1,1
2012,2320,Secondary School Teachers,2320,Secondary School Teachers,one_to_one,1,1
2012,2330,Special Education Teachers,2330,Special Education Teachers,one_to_one,1,1
2012,2340,Other Teachers and Instructors,2350,Other Teachers and Instructors,split_collapsed,1,2
2012,2400,"Archivists, Curators, and Museum Technicians",2400,"Archivists, Curators, and Museum Technicians",one_to_one,1,1
2012,2430,Librarians,2435,Librarians and Media Collections Specialists,one_to_one,1,1
2012,2440,Library Technicians,2440,Library Technicians,one_to_one,1,1
2012,2540,Teacher Assistants,2545,Teaching Assistants,one_to_one,1,1
2012,2550,"Other Education, Training, and Library Workers",2555,Other Educational Instruction and Library Workers,one_to_one,1,1
2012,2600,Artists and Related Workers,2600,Artists and Related Workers,one_to_one,1,1
2012,2630,Designers,2631,Designers,split_collapsed,1,7
2012,2700,Actors,2700,Actors,one_to_one,1,1
2012,2710,Producers and Directors,2710,Producers and Directors,one_to_one,1,1
2012,2720,"Athletes, Coaches, Umpires, and Related Workers",2721,"Athletes, Coaches, Umpires, and Related Workers",split_collapsed,1,3
2012,2740,Dancers and Choreographers,2740,Dancers and Choreographers,one_to_one,1,1
2012,2750,"Musicians, Singers, and Related Workers",2751,"Musicians, Singers, and Related Workers",split_collapsed,1,3
2012,2760,"Entertainers and Performers, Sports and Related Workers, All Other",2770,"Entertainers and Performers, Sports and Related Workers, All Other",one_to_one,1,1
2012,2800,Announcers,2805,Broadcast Announcers and Radio Disc Jockeys,one_to_one,1,1
2012,2810,"News Analysts, Reporters and Correspondents",2810,"News Analysts, Reporters, and Journalists",one_to_one,1,1
2012,2825,Public Relations Specialists,2825,Public Relations Specialists,one_to_one,1,1
2012,2830,Editors,2830,Editors,one_to_one,1,1
2012,2840,Technical Writers,2840,Technical Writers,one_to_one,1,1
2012,2850,Writers and Authors,2850,Writers and Authors,one_to_one,1,1
2012,2860,Miscellaneous Media and Communication Workers,2861,Miscellaneous Media and Communication Workers,split_collapsed,1,2
2012,2900,Broadcast and Sound Engineering Technicians and Radio Operators,2905,"Broadcast, Sound, and Lighting Technicians",one_to_one,1,1
2012,2910,Photographers,2910,Photographers,one_to_one,1,1
2012,2920,"Television, Video, and Motion Picture Camera Operators and Editors",2920,"Television, Video, and Film Camera Operators and Editors",one_to_one,1,1
2012,2960,"Media and Communication Equipment Workers, All Other",2970,"Media and Communication Equipment Workers, All Other",one_to_one,1,1
2012,3000,Chiropractors,3000,Chiropractors,one_to_one,1,1
2012,3010,Dentists,3010,Dentists,one_to_one,1,1
2012,3030,Dietitians and Nutritionists,3030,Dietitians and Nutritionists,one_to_one,1,1
2012,3040,Optometrists,3040,Optometrists,one_to_one,1,1
2012,3050,Pharmacists,3050,Pharmacists,one_to_one,1,1
2012,3060,Physicians and Surgeons,3065,Physicians and Surgeons,split_collapsed,1,4
2012,3110,Physician Assistants,3110,Physician Assistants,one_to_one,1,1
2012,3120,Podiatrists,3120,Podiatrists,one_to_one,1,1
2012,3140,Audiologists,3140,Audiologists,one_to_one,1,1
2012,3150,Occupational Therapists,3150,Occupational Therapists,one_to_one,1,1
2012,3160,Physical Therapists,3160,Physical Therapists,one_to_one,1,1
2012,3200,Radiation Therapists,3200,Radiation Therapists,one_to_one,1,1
2012,3210,Recreational Therapists,3210,Recreational Therapists,one_to_one,1,1
2012,3220,Respiratory Therapists,3220,Respiratory Therapists,one_to_one,1,1
2012,3230,Speech-Language Pathologists,3230,Speech-Language Pathologists,one_to_one,1,1
2012,3235,Exercise Physiologists,3235,Exercise Physiologists,one_to_one,1,1
2012,3245,"Therapists, All Other",3245,"Therapists, All Other",one_to_one,1,1
2012,3250,Veterinarians,3250,Veterinarians,one_to_one,1,1
2012,3255,Registered Nurses,3255,Registered Nurses,one_to_one,1,1
2012,3256,Nurse Anesthetists,3256,Nurse Anesthetists,one_to_one,1,1
2012,3257,Nurse Midwives,3257,Nurse Midwives,one_to_one,1,1
2012,3258,Nurse Practitioners,3258,Nurse Practitioners,one_to_one,1,1
2012,3260,"Health Diagnosing and Treating Practitioners, All Other",3261,"Health Diagnosing and Treating Practitioners, All Other",split_collapsed,1,2
2012,3300,Clinical Laboratory Technologists and Technicians,3300,Clinical Laboratory Technologists and Technicians,one_to_one,1,1
2012,3310,Dental Hygienists,3310,Dental Hygienists,one_to_one,1,1
2012,3320,Diagnostic Related Technologists and Technicians,3321,Diagnostic Related Technologists and Technicians,split_collapsed,1,5
2012,3400,Emergency Medical Technicians and Paramedics,3401,Emergency Medical Technicians and Paramedics,split_collapsed,1,2
2012,3420,Health Practitioner Support Technologists and  Technicians,3421,Health Practitioner Support Technologists and  Technicians,split_collapsed,1,5
2012,3500,Licensed Practical and Licensed Vocational Nurses,3500,Licensed Practical and Licensed Vocational Nurses,one_to_one,1,1
2012,3510,Medical Records and Health Information Technicians,3515,Medical Records Specialists,one_to_one,1,1
2012,3520,"Opticians, Dispensing",3520,"Opticians, Dispensing",one_to_one,1,1
2012,3535,Miscellaneous Health Technologists and Technicians,3545,Miscellaneous Health Technologists and Technicians,one_to_one,1,1
2012,3540,Other Healthcare Practitioners and Technical Occupations,1980,Other Healthcare Practitioners and Technical Occupations,split_collapsed,1,2
2012,3600,"Nursing, Psychiatric, and Home Health Aides",3601,"Nursing, Psychiatric, and Home Health Aides",split_collapsed,1,3
2012,3610,Occupational Therapy Assistants and Aides,3610,Occupational Therapy Assistants and Aides,one_to_one,1,1
2012,3620,Physical Therapist Assistants and Aides,3620,Physical Therapist Assistants and Aides,one_to_one,1,1
2012,3630,Massage Therapists,3630,Massage Therapists,one_to_one,1,1
2012,3640,Dental Assistants,3640,Dental Assistants,one_to_one,1,1
2012,3645,Medical Assistants,3645,Medical Assistants,one_to_one,1,1
2012,3646,Medical Transcriptionists,3646,Medical Transcriptionists,one_to_one,1,1
2012,3647,Pharmacy Aides,3647,Pharmacy Aides,one_to_one,1,1
2012,3648,Veterinary Assistants and Laboratory Animal Caretakers,3648,Veterinary Assistants and Laboratory Animal Caretakers,one_to_one,1,1
2012,3649,Phlebotomists,3649,Phlebotomists,one_to_one,1,1
2012,3655,"Healthcare support workers, all other, including medical equipment preparers",3655,Other Healthcare Support Workers,one_to_one,1,1
2012,3700,First-Line Supervisors of Correctional Officers,3700,First-Line Supervisors of Correctional Officers,one_to_one,1,1
2012,3710,First-Line Supervisors of Police and Detectives,3710,First-Line Supervisors of Police and Detectives,one_to_one,1,1
2012,3720,First-Line Supervisors of Fire Fighting and Prevention Workers,3720,First-Line Supervisors of Firefighting and Prevention Workers,one_to_one,1,1
2012,3730,"First-Line Supervisors of Protective Service Workers, All Other",3725,"First-Line Supervisors of Protective Service Workers, All Other",split_collapsed,1,2
2012,3740,Firefighters,3740,Firefighters,one_to_one,1,1
2012,3750,Fire Inspectors,3750,Fire Inspectors,one_to_one,1,1
2012,3800,"Bailiffs, Correctional Officers, and Jailers",3801,"Bailiffs, Correctional Officers, and Jailers",split_collapsed,1,2
2012,3820,Detectives and Criminal Investigators,3820,Detectives and Criminal Investigators,one_to_one,1,1
2012,3830,Fish and Game Wardens,3830,Fish and Game Wardens,one_to_one,1,1
2012,3840,Parking Enforcement Workers,3840,Parking Enforcement Workers,one_to_one,1,1
2012,3850,Police and Sheriff's Patrol Officers,3870,Police Officers,merged,2,1
2012,3860,Transit and Railroad Police,3870,Police Officers,merged,2,1
2012,3900,Animal Control Workers,3900,Animal Control Workers,one_to_one,1,1
2012,3910,Private Detectives and Investigators,3910,Private Detectives and Investigators,one_to_one,1,1
2012,3930,Security Guards and Gaming Surveillance Officers,3930,Security Guards and Gambling Surveillance Officers,one_to_one,1,1
2012,3940,Crossing Guards,3940,Crossing Guards and Flaggers,one_to_one,1,1
2012,3945,Transportation Security Screeners,3945,Transportation Security Screeners,one_to_one,1,1
2012,3955,"Lifeguards and Other Recreational, and All Other Protective Service Workers",3946,"Lifeguards and Other Recreational, and All Other Protective Service Workers",split_collapsed,1,2
2012,4000,Chefs and Head Cooks,4000,Chefs and Head Cooks,one_to_one,1,1
2012,4010,First-Line Supervisors of Food Preparation and Serving Workers,4010,First-Line Supervisors of Food Preparation and Serving Workers,one_to_one,1,1
2012,4020,Cooks,4020,Cooks,one_to_one,1,1
2012,4030,Food Preparation Workers,4030,Food Preparation Workers,one_to_one,1,1
2012,4040,Bartenders,4040,Bartenders,one_to_one,1,1
2012,4050,"Combined Food Preparation and Serving Workers, Including Fast Food",4055,Fast Food and Counter Workers,merged,2,1
2012,4060,"Counter Attendants, Cafeteria, Food Concession, and Coffee Shop",4055,Fast Food and Counter Workers,merged,2,1
2012,4110,Waiters and Waitresses,4110,Waiters and Waitresses,one_to_one,1,1
2012,4120,"Food Servers, Nonrestaurant",4120,"Food Servers, Nonrestaurant",one_to_one,1,1
2012,4130,Dining Room and Cafeteria Attendants and Bartender Helpers,4130,Dining Room and Cafeteria Attendants and Bartender Helpers,one_to_one,1,1
2012,4140,Dishwashers,4140,Dishwashers,one_to_one,1,1
2012,4150,"Hosts and Hostesses, Restaurant, Lounge, and Coffee Shop",4150,"Hosts and Hostesses, Restaurant, Lounge, and Coffee Shop",one_to_one,1,1
2012,4160,"Food Preparation and Serving Related Workers, All Other",4160,"Food Preparation and Serving Related Workers, All Other",one_to_one,1,1
2012,4200,First-Line Supervisors of Housekeeping and Janitorial Workers,4200,First-Line Supervisors of Housekeeping and Janitorial Workers,one_to_one,1,1
2012,4210,"First-Line Supervisors of Landscaping, Lawn Service, and Groundskeeping Workers",4210,"First-Line Supervisors of Landscaping, Lawn Service, and Groundskeeping Workers",one_to_one,1,1
2012,4220,Janitors and Building Cleaners,4220,Janitors and Building Cleaners,one_to_one,1,1
2012,4230,Maids and housekeeping cleaners,4230,Maids and Housekeeping Cleaners,one_to_one,1,1
2012,4240,Pest Control Workers,4240,Pest Control Workers,one_to_one,1,1
2012,4250,Grounds Maintenance Workers,4251,Grounds Maintenance Workers,split_collapsed,1,4
2012,4300,First-Line Supervisors of Gaming Workers,4300,First-Line Supervisors of Gaming Workers,retired_2012_only,1,0
2012,4320,First-Line Supervisors of Personal Service Workers,4320,First-Line Supervisors of Personal Service Workers,retired_2012_only,1,0
2012,4340,Animal Trainers,4340,Animal Trainers,one_to_one,1,1
2012,4350,Nonfarm Animal Caretakers,4350,Animal Caretakers,one_to_one,1,1
2012,4400,Gaming Services Workers,4400,Gambling Services Workers,one_to_one,1,1
2012,4410,Motion Picture Projectionists,4410,Motion Picture Projectionists,retired_2012_only,1,0
2012,4420,"Ushers, Lobby Attendants, and Ticket Takers",4420,"Ushers, Lobby Attendants, and Ticket Takers",one_to_one,1,1
2012,4430,Miscellaneous Entertainment Attendants and Related Workers,4435,Other Entertainment Attendants and Related Workers,one_to_one,1,1
2012,4460,Embalmers and Funeral Attendants,4461,"Embalmers, Crematory Operators and Funeral Attendants",one_to_one,1,1
2012,4465,"Morticians, Undertakers, and Funeral Directors",4465,"Morticians, Undertakers, and Funeral Arrangers",one_to_one,1,1
2012,4500,Barbers,4500,Barbers,one_to_one,1,1
2012,4510,"Hairdressers, Hairstylists, and Cosmetologists",4510,"Hairdressers, Hairstylists, and Cosmetologists",one_to_one,1,1
2012,4520,Miscellaneous Personal Appearance Workers,4521,Miscellaneous Personal Appearance Workers,split_collapsed,1,3
2012,4530,"Baggage Porters, Bellhops, and Concierges",4530,"Baggage Porters, Bellhops, and Concierges",one_to_one,1,1
2012,4540,Tour and Travel Guides,4540,Tour and Travel Guides,one_to_one,1,1
2012,4600,Childcare Workers,4600,Childcare Workers,one_to_one,1,1
2012,4610,Personal Care Aides,3602,Personal Care Aides,one_to_one,1,1
2012,4620,Recreation and Fitness Workers,4621,Recreation and Fitness Workers,split_collapsed,1,2
2012,4640,Residential Advisors,4640,Residential Advisors,one_to_one,1,1
2012,4650,"Personal Care and Service Workers, All Other",4655,"Personal Care and Service Workers, All Other",one_to_one,1,1
2012,4700,First-Line Supervisors of Retail Sales Workers,4700,First-Line Supervisors of Retail Sales Workers,one_to_one,1,1
2012,4710,First-Line Supervisors of Non-Retail Sales Workers,4710,First-Line Supervisors of Non-Retail Sales Workers,one_to_one,1,1
2012,4720,Cashiers,4720,Cashiers,one_to_one,1,1
2012,4740,Counter and Rental Clerks,4740,Counter and Rental Clerks,one_to_one,1,1
2012,4750,Parts Salespersons,4750,Parts Salespersons,one_to_one,1,1
2012,4760,Retail Salespersons,4760,Retail Salespersons,one_to_one,1,1
2012,4800,Advertising Sales Agents,4800,Advertising Sales Agents,one_to_one,1,1
2012,4810,Insurance Sales Agents,4810,Insurance Sales Agents,one_to_one,1,1
2012,4820,"Securities, Commodities, and Financial Services Sales Agents",4820,"Securities, Commodities, and Financial Services Sales Agents",one_to_one,1,1
2012,4830,Travel Agents,4830,Travel Agents,one_to_one,1,1
2012,4840,"Sales Representatives, Services, All Other",4840,"Sales representatives of services, except advertising, insurance, financial services, and travel",one_to_one,1,1
2012,4850,"Sales Representatives, Wholesale and Manufacturing",4850,"Sales Representatives, Wholesale and Manufacturing",one_to_one,1,1
2012,4900,"Models, Demonstrators, and Product Promoters",4900,"Models, Demonstrators, and Product Promoters",one_to_one,1,1
2012,4920,Real Estate Brokers and Sales Agents,4920,Real Estate Brokers and Sales Agents,one_to_one,1,1
2012,4930,Sales Engineers,4930,Sales Engineers,one_to_one,1,1
2012,4940,Telemarketers,4940,Telemarketers,one_to_one,1,1
2012,4950,"Door-to-Door Sales Workers, News and Street Vendors, and Related Workers",4950,"Door-to-Door Sales Workers, News and Street Vendors, and Related Workers",one_to_one,1,1
2012,4965,"Sales and Related Workers, All Other",4965,"Sales and Related Workers, All Other",one_to_one,1,1
2012,5000,First-Line Supervisors of Office and Administrative Support Workers,5000,First-Line Supervisors of Office and Administrative Support Workers,one_to_one,1,1
2012,5010,"Switchboard Operators, Including Answering Service",5010,"Switchboard Operators, Including Answering Service",one_to_one,1,1
2012,5020,Telephone Operators,5020,Telephone Operators,one_to_one,1,1
2012,5030,"Communications Equipment Operators, All Other",5040,"Communications Equipment Operators, All Other",one_to_one,1,1
2012,5100,Bill and Account Collectors,5100,Bill and Account Collectors,one_to_one,1,1
2012,5110,Billing and Posting Clerks,5110,Billing and Posting Clerks,one_to_one,1,1
2012,5120,"Bookkeeping, Accounting, and Auditing Clerks",5120,"Bookkeeping, Accounting, and Auditing Clerks",one_to_one,1,1
2012,5130,Gaming Cage Workers,5130,Gambling Cage Workers,one_to_one,1,1
2012,5140,Payroll and Timekeeping Clerks,5140,Payroll and Timekeeping Clerks,one_to_one,1,1
2012,5150,Procurement Clerks,5150,Procurement Clerks,one_to_one,1,1
2012,5160,Tellers,5160,Tellers,one_to_one,1,1
2012,5165,"Financial Clerks, All Other",5165,"Financial Clerks, All Other",one_to_one,1,1
2012,5200,Brokerage Clerks,5200,Brokerage Clerks,one_to_one,1,1
2012,5210,Correspondence Clerks,5210,Correspondence Clerks,one_to_one,1,1
2012,5220,"Court, Municipal, and License Clerks",5220,"Court, Municipal, and License Clerks",one_to_one,1,1
2012,5230,"Credit Authorizers, Checkers, and Clerks",5230,"Credit Authorizers, Checkers, and Clerks",one_to_one,1,1
2012,5240,Customer Service Representatives,5240,Customer Service Representatives,one_to_one,1,1
2012,5250,"Eligibility Interviewers, Government Programs",5250,"Eligibility Interviewers, Government Programs",one_to_one,1,1
2012,5260,File Clerks,5260,File Clerks,one_to_one,1,1
2012,5300,"Hotel, Motel, and Resort Desk Clerks",5300,"Hotel, Motel, and Resort Desk Clerks",one_to_one,1,1
2012,5310,"Interviewers, Except Eligibility and Loan",5310,"Interviewers, Except Eligibility and Loan",one_to_one,1,1
2012,5320,"Library Assistants, Clerical",5320,"Library Assistants, Clerical",one_to_one,1,1
2012,5330,Loan Interviewers and Clerks,5330,Loan Interviewers and Clerks,one_to_one,1,1
2012,5340,New Accounts Clerks,5340,New Accounts Clerks,one_to_one,1,1
2012,5350,Order Clerks,5350,Order Clerks,one_to_one,1,1
2012,5360,"Human Resources Assistants, Except Payroll and Timekeeping",5360,"Human Resources Assistants, Except Payroll and Timekeeping",one_to_one,1,1
2012,5400,Receptionists and Information Clerks,5400,Receptionists and Information Clerks,one_to_one,1,1
2012,5410,Reservation and Transportation Ticket Agents and Travel Clerks,5410,Reservation and Transportation Ticket Agents and Travel Clerks,one_to_one,1,1
2012,5420,"Information and Record Clerks, All Other",5420,"Information and Record Clerks, All Other",one_to_one,1,1
2012,5500,Cargo and Freight Agents,5500,Cargo and Freight Agents,one_to_one,1,1
2012,5510,Couriers and Messengers,5510,Couriers and Messengers,one_to_one,1,1
2012,5520,Dispatchers,5521,Dispatchers,split_collapsed,1,2
2012,5530,"Meter Readers, Utilities",5530,"Meter Readers, Utilities",one_to_one,1,1
2012,5540,Postal Service Clerks,5540,Postal Service Clerks,one_to_one,1,1
2012,5550,Postal Service Mail Carriers,5550,Postal Service Mail Carriers,one_to_one,1,1
2012,5560,"Postal Service Mail Sorters, Processors, and Processing Machine Operators",5560,"Postal Service Mail Sorters, Processors, and Processing Machine Operators",one_to_one,1,1
2012,5600,"Production, Planning, and Expediting Clerks",5600,"Production, Planning, and Expediting Clerks",one_to_one,1,1
2012,5610,"Shipping, Receiving, and Traffic Clerks",5610,"Shipping, Receiving, and Inventory Clerks",one_to_one,1,1
2012,5620,Stock Clerks and Order Fillers,9645,Stockers and Order Fillers,one_to_one,1,1
2012,5630,"Weighers, Measurers, Checkers, and Samplers, Recordkeeping",5630,"Weighers, Measurers, Checkers, and Samplers, Recordkeeping",one_to_one,1,1
2012,5700,Secretaries and Administrative Assistants,5710,Secretaries and Administrative Assistants,split_collapsed,1,4
2012,5800,Computer Operators,5800,Computer Operators,retired_2012_only,1,0
2012,5810,Data Entry Keyers,5810,Data Entry Keyers,one_to_one,1,1
2012,5820,Word Processors and Typists,5820,Word Processors and Typists,one_to_one,1,1
2012,5830,Desktop Publishers,5830,Desktop Publishers,one_to_one,1,1
2012,5840,Insurance Claims and Policy Processing Clerks,5840,Insurance Claims and Policy Processing Clerks,one_to_one,1,1
2012,5850,"Mail Clerks and Mail Machine Operators, Except Postal Service",5850,"Mail Clerks and Mail Machine Operators, Except Postal Service",one_to_one,1,1
2012,5860,"Office Clerks, General",5860,"Office Clerks, General",one_to_one,1,1
2012,5900,"Office Machine Operators, Except Computer",5900,"Office Machine Operators, Except Computer",one_to_one,1,1
2012,5910,Proofreaders and Copy Markers,5910,Proofreaders and Copy Markers,one_to_one,1,1
2012,5920,Statistical Assistants,5920,Statistical Assistants,one_to_one,1,1
2012,5940,"Office and Administrative Support Workers, All Other",5940,"Office and Administrative Support Workers, All Other",one_to_one,1,1
2012,6005,"First-Line Supervisors of Farming, Fishing, and Forestry Workers",6005,"First-Line Supervisors of Farming, Fishing, and Forestry Workers",one_to_one,1,1
2012,6010,Agricultural Inspectors,6010,Agricultural Inspectors,one_to_one,1,1
2012,6020,Animal Breeders,6020,Animal Breeders,one_to_one,1,1
2012,6040,"Graders and Sorters, Agricultural Products",6040,"Graders and Sorters, Agricultural Products",one_to_one,1,1
2012,6050,Miscellaneous Agricultural Workers,6050,Miscellaneous Agricultural Workers,one_to_one,1,1
2012,6100,Fishers and Related Fishing Workers,6115,Fishing and Hunting Workers,merged,2,1
2012,6110,Hunters and Trappers,6115,Fishing and Hunting Workers,merged,2,1
2012,6120,Forest and Conservation Workers,6120,Forest and Conservation Workers,one_to_one,1,1
2012,6130,Logging Workers,6130,Logging Workers,one_to_one,1,1
2012,6200,First-Line Supervisors of Construction Trades and Extraction Workers,6200,First-Line Supervisors of Construction Trades and Extraction Workers,one_to_one,1,1
2012,6210,Boilermakers,6210,Boilermakers,one_to_one,1,1
2012,6220,"Brickmasons, Blockmasons, and Stonemasons",6220,"Brickmasons, Blockmasons, and Stonemasons",one_to_one,1,1
2012,6230,Carpenters,6230,Carpenters,one_to_one,1,1
2012,6240,"Carpet, Floor, and Tile Installers and Finishers",6240,"Carpet, Floor, and Tile Installers and Finishers",one_to_one,1,1
2012,6250,"Cement Masons, Concrete Finishers, and Terrazzo Workers",6250,"Cement Masons, Concrete Finishers, and Terrazzo Workers",one_to_one,1,1
2012,6260,Construction Laborers,6260,Construction Laborers,one_to_one,1,1
2012,6300,"Paving, Surfacing, and Tamping Equipment Operators",6305,Construction Equipment Operators,merged,3,1
2012,6310,Pile-Driver Operators,6305,Construction Equipment Operators,merged,3,1
2012,6320,Operating Engineers and Other Construction Equipment Operators,6305,Construction Equipment Operators,merged,3,1
2012,6330,"Drywall Installers, Ceiling Tile Installers, and Tapers",6330,"Drywall Installers, Ceiling Tile Installers, and Tapers",one_to_one,1,1
2012,6355,Electricians,6355,Electricians,one_to_one,1,1
2012,6360,Glaziers,6360,Glaziers,one_to_one,1,1
2012,6400,Insulation Workers,6400,Insulation Workers,one_to_one,1,1
2012,6420,"Painters, Construction and Maintenance",6410,Painters and Paperhangers,merged,3,1
2012,6430,Paperhangers,6410,Painters and Paperhangers,merged,3,1
2012,6440,"Pipelayers, Plumbers, Pipefitters, and Steamfitters",6410,Painters and Paperhangers,merged,3,1
2012,6460,Plasterers and Stucco Masons,6460,Plasterers and Stucco Masons,one_to_one,1,1
2012,6500,Reinforcing Iron and Rebar Workers,6500,Reinforcing Iron and Rebar Workers,one_to_one,1,1
2012,6515,Roofers,6515,Roofers,one_to_one,1,1
2012,6520,Sheet Metal Workers,6520,Sheet Metal Workers,one_to_one,1,1
2012,6530,Structural Iron and Steel Workers,6530,Structural Iron and Steel Workers,one_to_one,1,1
2012,6540,Solar Photovoltaic Installers,6540,Solar Photovoltaic Installers,one_to_one,1,1
2012,6600,"Helpers, Construction Trades",6600,"Helpers, Construction Trades",one_to_one,1,1
2012,6660,Construction and Building Inspectors,6660,Construction and Building Inspectors,one_to_one,1,1
2012,6700,Elevator Installers and Repairers,6700,Elevator and escalator installers and repairers,one_to_one,1,1
2012,6710,Fence Erectors,6710,Fence Erectors,one_to_one,1,1
2012,6720,Hazardous Materials Removal Workers,6720,Hazardous Materials Removal Workers,one_to_one,1,1
2012,6730,Highway Maintenance Workers,6730,Highway Maintenance Workers,one_to_one,1,1
2012,6740,Rail-Track Laying and Maintenance Equipment Operators,6740,Rail-Track Laying and Maintenance Equipment Operators,one_to_one,1,1
2012,6750,Septic Tank Servicers and Sewer Pipe Cleaners,6750,Septic Tank Servicers and Sewer Pipe Cleaners,one_to_one,1,1
2012,6765,Miscellaneous Construction and Related Workers,6765,Miscellaneous Construction and Related Workers,one_to_one,1,1
2012,6800,"Derrick, Rotary Drill, and Service Unit Operators, Oil, Gas, and Mining",6800,"Derrick, Rotary Drill, and Service Unit Operators, Oil and Gas",one_to_one,1,1
2012,6820,"Earth Drillers, Except Oil and Gas",6825,"Earth Drillers, Except Oil and Gas",one_to_one,1,1
2012,6830,"Explosives Workers, Ordnance Handling Experts, and Blasters",6835,"Explosives Workers, Ordnance Handling Experts, and Blasters",one_to_one,1,1
2012,6840,Mining Machine Operators,6850,Underground Mining Machine Operators,merged,2,1
2012,6910,"Roof Bolters, Mining",6850,Underground Mining Machine Operators,merged,2,1
2012,6920,"Roustabouts, Oil and Gas",6920,"Roustabouts, Oil and Gas",one_to_one,1,1
2012,6930,Helpers--Extraction Workers,6930,Helpers--Extraction Workers,retired_2012_only,1,0
2012,6940,Other Extraction Workers,6950,Other Extraction Workers,one_to_one,1,1
2012,7000,"First-Line Supervisors of Mechanics, Installers, and Repairers",7000,"First-Line Supervisors of Mechanics, Installers, and Repairers",one_to_one,1,1
2012,7010,"Computer, Automated Teller, and Office Machine Repairers",7010,"Computer, Automated Teller, and Office Machine Repairers",one_to_one,1,1
2012,7020,Radio and Telecommunications Equipment Installers and Repairers,7020,Radio and Telecommunications Equipment Installers and Repairers,one_to_one,1,1
2012,7030,Avionics Technicians,7030,Avionics Technicians,one_to_one,1,1
2012,7040,"Electric Motor, Power Tool, and Related Repairers",7040,"Electric Motor, Power Tool, and Related Repairers",one_to_one,1,1
2012,7050,"Electrical and Electronics Installers and Repairers, Transportation Equipment",7050,"Electrical and Electronics Installers and Repairers, Transportation Equipment",one_to_one,1,1
2012,7100,"Electrical and Electronics Repairers, Industrial and Utility",7100,"Electrical and Electronics Repairers, Industrial and Utility",one_to_one,1,1
2012,7110,"Electronic Equipment Installers and Repairers, Motor Vehicles",7110,"Electronic Equipment Installers and Repairers, Motor Vehicles",one_to_one,1,1
2012,7120,Electronic Home Entertainment Equipment Installers and Repairers,7120,Audiovisual equipment installers and repairers,one_to_one,1,1
2012,7130,Security and Fire Alarm Systems Installers,7130,Security and Fire Alarm Systems Installers,one_to_one,1,1
2012,7140,Aircraft Mechanics and Service Technicians,7140,Aircraft Mechanics and Service Technicians,one_to_one,1,1
2012,7150,Automotive Body and Related Repairers,7150,Automotive Body and Related Repairers,one_to_one,1,1
2012,7160,Automotive Glass Installers and Repairers,7160,Automotive Glass Installers and Repairers,one_to_one,1,1
2012,7200,Automotive Service Technicians and Mechanics,7200,Automotive Service Technicians and Mechanics,one_to_one,1,1
2012,7210,Bus and Truck Mechanics and Diesel Engine Specialists,7210,Bus and Truck Mechanics and Diesel Engine Specialists,one_to_one,1,1
2012,7220,Heavy Vehicle and Mobile Equipment Service Technicians and Mechanics,7220,Heavy Vehicle and Mobile Equipment Service Technicians and Mechanics,one_to_one,1,1
2012,7240,Small Engine Mechanics,7240,Small Engine Mechanics,one_to_one,1,1
2012,7260,"Miscellaneous Vehicle and Mobile Equipment Mechanics, Installers, and Repairers",7260,"Miscellaneous Vehicle and Mobile Equipment Mechanics, Installers, and Repairers",one_to_one,1,1
2012,7300,Control and Valve Installers and Repairers,7300,Control and Valve Installers and Repairers,one_to_one,1,1
2012,7315,"Heating, Air Conditioning, and Refrigeration Mechanics and Installers",7315,"Heating, Air Conditioning, and Refrigeration Mechanics and Installers",one_to_one,1,1
2012,7320,Home Appliance Repairers,7320,Home Appliance Repairers,one_to_one,1,1
2012,7330,Industrial and Refractory Machinery Mechanics,7330,Industrial and Refractory Machinery Mechanics,one_to_one,1,1
2012,7340,"Maintenance and Repair Workers, General",7340,"Maintenance and Repair Workers, General",one_to_one,1,1
2012,7350,"Maintenance Workers, Machinery",7350,"Maintenance Workers, Machinery",one_to_one,1,1
2012,7360,Millwrights,7360,Millwrights,one_to_one,1,1
2012,7410,Electrical Power-Line Installers and Repairers,7410,Electrical Power-Line Installers and Repairers,one_to_one,1,1
2012,7420,Telecommunications Line Installers and Repairers,7420,Telecommunications Line Installers and Repairers,one_to_one,1,1
2012,7430,Precision Instrument and Equipment Repairers,7430,Precision Instrument and Equipment Repairers,one_to_one,1,1
2012,7440,Wind Turbine Service Technicians,7440,Wind Turbine Service Technicians,one_to_one,1,1
2012,7510,"Coin, Vending, and Amusement Machine Servicers and Repairers",7510,"Coin, Vending, and Amusement Machine Servicers and Repairers",one_to_one,1,1
2012,7520,Commercial Divers,7520,Commercial Divers,one_to_one,1,1
2012,7540,Locksmiths and Safe Repairers,7540,Locksmiths and Safe Repairers,one_to_one,1,1
2012,7550,Manufactured Building and Mobile Home Installers,7550,Manufactured Building and Mobile Home Installers,one_to_one,1,1
2012,7560,Riggers,7560,Riggers,one_to_one,1,1
2012,7600,Signal and Track Switch Repairers,7600,Signal and Track Switch Repairers,retired_2012_only,1,0
2012,7610,"Helpers--Installation, Maintenance, and Repair Workers",7610,"Helpers--Installation, Maintenance, and Repair Workers",one_to_one,1,1
2012,7630,"Other Installation, Maintenance, and Repair Workers",7640,"Other Installation, Maintenance, and Repair Workers",one_to_one,1,1
2012,7700,First-Line Supervisors of Production and Operating Workers,7700,First-Line Supervisors of Production and Operating Workers,one_to_one,1,1
2012,7710,"Aircraft Structure, Surfaces, Rigging, and Systems Assemblers",7710,"Aircraft Structure, Surfaces, Rigging, and Systems Assemblers",one_to_one,1,1
2012,7720,"Electrical, Electronics, and Electromechanical Assemblers",7720,"Electrical, Electronics, and Electromechanical Assemblers",one_to_one,1,1
2012,7730,Engine and Other Machine Assemblers,7730,Engine and Other Machine Assemblers,one_to_one,1,1
2012,7740,Structural Metal Fabricators and Fitters,7740,Structural Metal Fabricators and Fitters,one_to_one,1,1
2012,7750,Miscellaneous Assemblers and Fabricators,7750,Other Assemblers and Fabricators,one_to_one,1,1
2012,7800,Bakers,7800,Bakers,one_to_one,1,1
2012,7810,"Butchers and Other Meat, Poultry, and Fish Processing Workers",7810,"Butchers and Other Meat, Poultry, and Fish Processing Workers",one_to_one,1,1
2012,7830,"Food and Tobacco Roasting, Baking, and Drying Machine Operators and Tenders",7830,"Food and Tobacco Roasting, Baking, and Drying Machine Operators and Tenders",one_to_one,1,1
2012,7840,Food Batchmakers,7840,Food Batchmakers,one_to_one,1,1
2012,7850,Food Cooking Machine Operators and Tenders,7850,Food Cooking Machine Operators and Tenders,one_to_one,1,1
2012,7855,"Food Processing Workers, All Other",7855,"Food Processing Workers, All Other",one_to_one,1,1
2012,7900,Computer Control Programmers and Operators,7905,Computer numerically controlled tool operators and programmers,one_to_one,1,1
2012,7920,"Extruding and Drawing Machine Setters, Operators, and Tenders, Metal and Plastic",7925,"Forming Machine Setters, Operators, and Tenders, Metal and Plastic",merged,3,1
2012,7930,"Forging Machine Setters, Operators, and Tenders, Metal and Plastic",7925,"Forming Machine Setters, Operators, and Tenders, Metal and Plastic",merged,3,1
2012,7940,"Rolling Machine Setters, Operators, and Tenders, Metal and Plastic",7925,"Forming Machine Setters, Operators, and Tenders, Metal and Plastic",merged,3,1
2012,7950,"Cutting, Punching, and Press Machine Setters, Operators, and Tenders, Metal and Plastic",7950,"Cutting, Punching, and Press Machine Setters, Operators, and Tenders, Metal and Plastic",one_to_one,1,1
2012,7960,"Drilling and Boring Machine Tool Setters, Operators, and Tenders, Metal and Plastic",8025,"Other Machine Tool Setters, Operators, and Tenders, Metal and Plastic",merged,3,1
2012,8000,"Grinding, Lapping, Polishing, and Buffing Machine Tool Setters, Operators, and Tenders, Metal and Plastic",8000,"Grinding, Lapping, Polishing, and Buffing Machine Tool Setters, Operators, and Tenders, Metal and Plastic",one_to_one,1,1
2012,8010,"Lathe and Turning Machine Tool Setters, Operators, and Tenders, Metal and Plastic",8025,"Other Machine Tool Setters, Operators, and Tenders, Metal and Plastic",merged,3,1
2012,8020,"Milling and Planing Machine Setters, Operators, and Tenders, Metal and Plastic",8025,"Other Machine Tool Setters, Operators, and Tenders, Metal and Plastic",merged,3,1
2012,8030,Machinists,8030,Machinists,one_to_one,1,1
2012,8040,"Metal Furnace Operators, Tenders, Pourers, and Casters",8040,"Metal Furnace Operators, Tenders, Pourers, and Casters",one_to_one,1,1
2012,8060,"Model Makers and Patternmakers, Metal and Plastic",8060,"Model Makers and Patternmakers, Metal and Plastic",one_to_one,1,1
2012,8100,"Molders and Molding Machine Setters, Operators, and Tenders, Metal and Plastic",8100,"Molders and Molding Machine Setters, Operators, and Tenders, Metal and Plastic",one_to_one,1,1
2012,8120,"Multiple Machine Tool Setters, Operators, and Tenders, Metal and Plastic",8225,Other Metal Workers and Plastic Workers,merged,6,1
2012,8130,Tool and Die Makers,8130,Tool and Die Makers,one_to_one,1,1
2012,8140,"Welding, Soldering, and Brazing Workers",8140,"Welding, Soldering, and Brazing Workers",one_to_one,1,1
2012,8150,"Heat Treating Equipment Setters, Operators, and Tenders, Metal and Plastic",8225,Other Metal Workers and Plastic Workers,merged,6,1
2012,8160,"Layout Workers, Metal and Plastic",8225,Other Metal Workers and Plastic Workers,merged,6,1
2012,8200,"Plating and Coating Machine Setters, Operators, and Tenders, Metal and Plastic",8225,Other Metal Workers and Plastic Workers,merged,6,1
2012,8210,"Tool Grinders, Filers, and Sharpeners",8225,Other Metal Workers and Plastic Workers,merged,6,1
2012,8220,"Metal Workers and Plastic Workers, All Other",8225,Other Metal Workers and Plastic Workers,merged,6,1
2012,8250,Prepress Technicians and Workers,8250,Prepress Technicians and Workers,one_to_one,1,1
2012,8255,Printing Press Operators,8255,Printing Press Operators,one_to_one,1,1
2012,8256,Print Binding and Finishing Workers,8256,Print Binding and Finishing Workers,one_to_one,1,1
2012,8300,Laundry and Dry-Cleaning Workers,8300,Laundry and Dry-Cleaning Workers,one_to_one,1,1
2012,8310,"Pressers, Textile, Garment, and Related Materials",8310,"Pressers, Textile, Garment, and Related Materials",one_to_one,1,1
2012,8320,Sewing Machine Operators,8320,Sewing Machine Operators,one_to_one,1,1
2012,8330,Shoe and Leather Workers and Repairers,8335,Shoe and Leather Workers,merged,2,1
2012,8340,Shoe Machine Operators and Tenders,8335,Shoe and Leather Workers,merged,2,1
2012,8350,"Tailors, Dressmakers, and Sewers",8350,"Tailors, Dressmakers, and Sewers",one_to_one,1,1
2012,8360,Textile Bleaching and Dyeing Machine Operators and Tenders,8365,"Textile Machine Setters, Operators, and Tenders",merged,4,1
2012,8400,"Textile Cutting Machine Setters, Operators, and Tenders",8365,"Textile Machine Setters, Operators, and Tenders",merged,4,1
2012,8410,"Textile Knitting and Weaving Machine Setters, Operators, and Tenders",8365,"Textile Machine Setters, Operators, and Tenders",merged,4,1
2012,8420,"Textile Winding, Twisting, and Drawing Out Machine Setters, Operators, and Tenders",8365,"Textile Machine Setters, Operators, and Tenders",merged,4,1
2012,8430,"Extruding and Forming Machine Setters, Operators, and Tenders, Synthetic and Glass Fibers",8465,"Other Textile, Apparel, and Furnishings Workers",merged,3,1
2012,8440,Fabric and Apparel Patternmakers,8465,"Other Textile, Apparel, and Furnishings Workers",merged,3,1
2012,8450,Upholsterers,8450,Upholsterers,one_to_one,1,1
2012,8460,"Textile, Apparel, and Furnishings Workers, All Other",8465,"Other Textile, Apparel, and Furnishings Workers",merged,3,1
2012,8500,Cabinetmakers and Bench Carpenters,8500,Cabinetmakers and Bench Carpenters,one_to_one,1,1
2012,8510,Furniture Finishers,8510,Furniture Finishers,one_to_one,1,1
2012,8520,"Model Makers and Patternmakers, Wood",8555,Other Woodworkers,merged,2,1
2012,8530,"Sawing Machine Setters, Operators, and Tenders, Wood",8530,"Sawing Machine Setters, Operators, and Tenders, Wood",one_to_one,1,1
2012,8540,"Woodworking Machine Setters, Operators, and Tenders, Except Sawing",8540,"Woodworking Machine Setters, Operators, and Tenders, Except Sawing",one_to_one,1,1
2012,8550,"Woodworkers, All Other",8555,Other Woodworkers,merged,2,1
2012,8600,"Power Plant Operators, Distributors, and Dispatchers",8600,"Power Plant Operators, Distributors, and Dispatchers",one_to_one,1,1
2012,8610,Stationary Engineers and Boiler Operators,8610,Stationary Engineers and Boiler Operators,one_to_one,1,1
2012,8620,Water and Wastewater Treatment Plant and System Operators,8620,Water and Wastewater Treatment Plant and System Operators,one_to_one,1,1
2012,8630,Miscellaneous Plant and System Operators,8630,Miscellaneous Plant and System Operators,one_to_one,1,1
2012,8640,"Chemical Processing Machine Setters, Operators, and Tenders",8640,"Chemical Processing Machine Setters, Operators, and Tenders",one_to_one,1,1
2012,8650,"Crushing, Grinding, Polishing, Mixing, and Blending Workers",8650,"Crushing, Grinding, Polishing, Mixing, and Blending Workers",one_to_one,1,1
2012,8710,Cutting Workers,8710,Cutting Workers,one_to_one,1,1
2012,8720,"Extruding, Forming, Pressing, and Compacting Machine Setters, Operators, and Tenders",8720,"Extruding, Forming, Pressing, and Compacting Machine Setters, Operators, and Tenders",one_to_one,1,1
2012,8730,"Furnace, Kiln, Oven, Drier, and Kettle Operators and Tenders",8730,"Furnace, Kiln, Oven, Drier, and Kettle Operators and Tenders",one_to_one,1,1
2012,8740,"Inspectors, Testers, Sorters, Samplers, and Weighers",8740,"Inspectors, Testers, Sorters, Samplers, and Weighers",one_to_one,1,1
2012,8750,Jewelers and Precious Stone and Metal Workers,8750,Jewelers and Precious Stone and Metal Workers,one_to_one,1,1
2012,8760,"Medical, Dental, and Ophthalmic Laboratory Technicians",8760,Dental and Ophthalmic Laboratory Technicians and Medical Appliance Technicians,one_to_one,1,1
2012,8800,Packaging and Filling Machine Operators and Tenders,8800,Packaging and Filling Machine Operators and Tenders,one_to_one,1,1
2012,8810,Painting Workers,8810,Painting Workers,one_to_one,1,1
2012,8830,Photographic Process Workers and Processing Machine Operators,8830,Photographic Process Workers and Processing Machine Operators,one_to_one,1,1
2012,8840,Semiconductor Processors,8990,Other Production Workers,merged,2,1
2012,8850,Adhesive Bonding Machine Operators and Tenders,8850,Adhesive Bonding Machine Operators and Tenders,one_to_one,1,1
2012,8860,"Cleaning, Washing, and Metal Pickling Equipment Operators and Tenders",8865,Other Production Equipment Operators and Tenders,merged,2,1
2012,8900,Cooling and Freezing Equipment Operators and Tenders,8865,Other Production Equipment Operators and Tenders,merged,2,1
2012,8910,Etchers and Engravers,8910,Etchers and Engravers,one_to_one,1,1
2012,8920,"Molders, Shapers, and Casters, Except Metal and Plastic",8920,"Molders, Shapers, and Casters, Except Metal and Plastic",one_to_one,1,1
2012,8930,"Paper Goods Machine Setters, Operators, and Tenders",8930,"Paper Goods Machine Setters, Operators, and Tenders",one_to_one,1,1
2012,8940,Tire Builders,8940,Tire Builders,one_to_one,1,1
2012,8950,Helpers--Production Workers,8950,Helpers--Production Workers,one_to_one,1,1
2012,8965,"Production Workers, All Other",8990,Other Production Workers,merged,2,1
2012,9000,Supervisors of Transportation and Material Moving Workers,9005,Supervisors of Transportation and Material Moving Workers,one_to_one,1,1
2012,9010,Housewife / Homemaker,9010,Housewife / Homemaker,supplemental_not_in_labor_force,1,1
2012,9020,Volunteer,9020,Volunteer,supplemental_not_in_labor_force,1,1
2012,9030,Aircraft Pilots and Flight Engineers,9030,Aircraft Pilots and Flight Engineers,one_to_one,1,1
2012,9040,Air Traffic Controllers and Airfield Operations Specialists,9040,Air Traffic Controllers and Airfield Operations Specialists,one_to_one,1,1
2012,9050,Flight Attendants,9050,Flight Attendants,one_to_one,1,1
2012,9060,Retired,9060,Retired,supplemental_not_in_labor_force,1,1
2012,9070,Student,9070,Student,supplemental_not_in_labor_force,1,1
2012,9100,Did not work / Child or Infant / Patient / Disabled / Inmate / Disabled Veteran,9100,Did not work / Child or Infant / Patient / Disabled / Inmate / Disabled Veteran,supplemental_not_in_labor_force,1,1
2012,9110,"Ambulance Drivers and Attendants, Except Emergency Medical Technicians",9110,"Ambulance Drivers and Attendants, Except Emergency Medical Technicians",one_to_one,1,1
2012,9120,Bus Drivers,9121,Bus Drivers,split_collapsed,1,2
2012,9130,Driver/Sales Workers and Truck Drivers,9130,Driver/Sales Workers and Truck Drivers,one_to_one,1,1
2012,9140,Taxi Drivers and Chauffeurs,9141,Taxi Drivers and Chauffeurs,split_collapsed,1,2
2012,9150,"Motor Vehicle Operators, All Other",9150,"Motor Vehicle Operators, All Other",one_to_one,1,1
2012,9200,Locomotive Engineers and Operators,9210,Locomotive Engineers and Operators,one_to_one,1,1
2012,9230,"Railroad Brake, Signal, and Switch Operators",9265,Other Rail Transportation Workers,merged,2,1
2012,9240,Railroad Conductors and Yardmasters,9240,Railroad Conductors and Yardmasters,one_to_one,1,1
2012,9260,"Subway, Streetcar, and Other Rail Transportation Workers",9265,Other Rail Transportation Workers,merged,2,1
2012,9300,Sailors and Marine Oilers,9300,Sailors and Marine Oilers,one_to_one,1,1
2012,9310,Ship and Boat Captains and Operators,9310,Ship and Boat Captains and Operators,one_to_one,1,1
2012,9330,Ship Engineers,9330,Ship Engineers,one_to_one,1,1
2012,9340,Bridge and Lock Tenders,9430,Other Transportation Workers,merged,2,1
2012,9350,Parking Lot Attendants,9350,Parking Attendants,one_to_one,1,1
2012,9360,Automotive and Watercraft Service Attendants,9365,Transportation Service Attendants,one_to_one,1,1
2012,9410,Transportation Inspectors,9410,Transportation Inspectors,one_to_one,1,1
2012,9415,"Transportation Attendants, except Flight Attendants",9415,Passenger Attendants,one_to_one,1,1
2012,9420,Other Transportation Workers,9430,Other Transportation Workers,merged,2,1
2012,9500,Conveyor Operators and Tenders,9570,"Conveyor, Dredge, and Hoist and Winch Operators",merged,3,1
2012,9510,Crane and Tower Operators,9510,Crane and Tower Operators,one_to_one,1,1
2012,9520,"Dredge, Excavating, and Loading Machine Operators",9570,"Conveyor, Dredge, and Hoist and Winch Operators",merged,3,1
2012,9560,Hoist and Winch Operators,9570,"Conveyor, Dredge, and Hoist and Winch Operators",merged,3,1
2012,9600,Industrial Truck and Tractor Operators,9600,Industrial Truck and Tractor Operators,one_to_one,1,1
2012,9610,Cleaners of Vehicles and Equipment,9610,Cleaners of Vehicles and Equipment,one_to_one,1,1
2012,9620,"Laborers and Freight, Stock, and Material Movers, Hand",9620,"Laborers and Freight, Stock, and Material Movers, Hand",one_to_one,1,1
2012,9630,Machine Feeders and Offbearers,9630,Machine Feeders and Offbearers,one_to_one,1,1
2012,9640,"Packers and Packagers, Hand",9640,"Packers and Packagers, Hand",one_to_one,1,1
2012,9650,Pumping Station Operators,9650,Pumping Station Operators,one_to_one,1,1
2012,9720,Refuse and Recyclable Material Collectors,9720,Refuse and Recyclable Material Collectors,one_to_one,1,1
2012,9730,Mine Shuttle Car Operators,9760,Other Material Moving Workers,merged,3,1
2012,9740,"Tank Car, Truck, and Ship Loaders",9760,Other Material Moving Workers,merged,3,1
2012,9750,"Material Moving Workers, All Other",9760,Other Material Moving Workers,merged,3,1
2012,9800,Military Officer Special and Tactical Operations Leaders,9800,Military Officer Special and Tactical Operations Leaders,one_to_one,1,1
2012,9810,First-Line Enlisted Military Supervisors,9810,First-Line Enlisted Military Supervisors,one_to_one,1,1
2012,9820,Military Enlisted Tactical Operations and Air/Weapons Specialists and Crew Members,9825,Military Enlisted Tactical Operations and Air/Weapons Specialists and Crew Members,one_to_one,1,1
2012,9830,"Military, occupation blank",9830,"Military, occupation blank",supplemental_military,1,1
2012,9840,"Military, commissioned officers and warrant officers",9840,"Military, commissioned officers and warrant officers",supplemental_military,1,1
2012,9850,"Military, non-commissioned officers and other enlisted personnel",9850,"Military, non-commissioned officers and other enlisted personnel",supplemental_military,1,1
2012,9900,"Blank, unknown, don't know, refused, or information inadequate",9900,"Blank, unknown, don't know, refused, or information inadequate",supplemental_unknown,1,1
2012,9920,"Unemployed, with no work experience in the last 5 years or earlier or never worked",9920,"Unemployed, with no work experience in the last 5 years or earlier or never worked",one_to_one,1,1
2018,0010,Chief Executives,0010,Chief Executives,one_to_one,1,1
2018,0020,General and Operations Managers,0020,General and Operations Managers,one_to_one,1,1
2018,0030,Legislators,0030,Legislators,one_to_one,1,1
2018,0040,Advertising and Promotions Managers,0040,Advertising and Promotions Managers,one_to_one,1,1
2018,0051,Marketing Managers,0051,Marketing and Sales Managers,split_collapsed,1,2
2018,0052,Sales Managers,0051,Marketing and Sales Managers,split_collapsed,1,2
2018,0060,Public Relations and Fundraising Managers,0060,Public Relations and Fundraising Managers,one_to_one,1,1
2018,0101,Administrative Services Managers,0101,Administrative Services Managers,split_collapsed,1,2
2018,0102,Facilities Managers,0101,Administrative Services Managers,split_collapsed,1,2
2018,0110,Computer and Information Systems Managers,0110,Computer and Information Systems Managers,one_to_one,1,1
2018,0120,Financial Managers,0120,Financial Managers,one_to_one,1,1
2018,0135,Compensation and Benefits Managers,0135,Compensation and Benefits Managers,one_to_one,1,1
2018,0136,Human Resources Managers,0136,Human Resources Managers,one_to_one,1,1
2018,0137,Training and Development Managers,0137,Training and Development Managers,one_to_one,1,1
2018,0140,Industrial Production Managers,0140,Industrial Production Managers,one_to_one,1,1
2018,0150,Purchasing Managers,0150,Purchasing Managers,one_to_one,1,1
2018,0160,"Transportation, Storage, and Distribution Managers",0160,"Transportation, Storage, and Distribution Managers",one_to_one,1,1
2018,0205,"Farmers, Ranchers, and Other Agricultural Managers",0205,"Farmers, Ranchers, and Other Agricultural Managers",one_to_one,1,1
2018,0220,Construction Managers,0220,Construction Managers,one_to_one,1,1
2018,0230,Education and Childcare Administrators,0230,Education and Childcare Administrators,one_to_one,1,1
2018,0300,Architectural and Engineering Managers,0300,Architectural and Engineering Managers,one_to_one,1,1
2018,0310,Food Service Managers,0310,Food Service Managers,one_to_one,1,1
2018,0325,Funeral Home Managers,0325,Funeral Home Managers,one_to_one,1,1
2018,0335,Entertainment and Recreation Managers,0335,Entertainment and Recreation Managers,one_to_one,1,1
2018,0340,Lodging Managers,0340,Lodging Managers,one_to_one,1,1
2018,0350,Medical and Health Services Managers,0350,Medical and Health Services Managers,one_to_one,1,1
2018,0360,Natural Sciences Managers,0360,Natural Sciences Managers,one_to_one,1,1
2018,0400,Postmasters and Mail Superintendents,0400,Postmasters and Mail Superintendents,one_to_one,1,1
2018,0410,"Property, Real Estate, and Community Association Managers",0410,"Property, Real Estate, and Community Association Managers",one_to_one,1,1
2018,0420,Social and Community Service Managers,0420,Social and Community Service Managers,one_to_one,1,1
2018,0425,Emergency Management Directors,0425,Emergency Management Directors,one_to_one,1,1
2018,0426,"Personal Service Managers, All Other",0426,"Personal Service Managers, All Other",new_2018_only,0,1
2018,0440,"Managers, All Other",0440,"Managers, All Other",one_to_one,1,1
2018,0500,"Agents and Business Managers of Artists, Performers, and Athletes",0500,"Agents and Business Managers of Artists, Performers, and Athletes",one_to_one,1,1
2018,0510,"Buyers and Purchasing Agents, Farm Products",0510,"Buyers and Purchasing Agents, Farm Products",one_to_one,1,1
2018,0520,"Wholesale and Retail Buyers, Except Farm Products",0520,"Wholesale and Retail Buyers, Except Farm Products",one_to_one,1,1
2018,0530,"Purchasing Agents, Except Wholesale, Retail, and Farm Products",0530,"Purchasing Agents, Except Wholesale, Retail, and Farm Products",one_to_one,1,1
2018,0540,"Claims Adjusters, Appraisers, Examiners, and Investigators",0540,"Claims Adjusters, Appraisers, Examiners, and Investigators",one_to_one,1,1
2018,0565,Compliance Officers,0565,Compliance Officers,one_to_one,1,1
2018,0600,Cost Estimators,0600,Cost Estimators,one_to_one,1,1
2018,0630,Human Resources Workers,0630,Human Resources Workers,one_to_one,1,1
2018,0640,"Compensation, Benefits, and Job Analysis Specialists",0640,"Compensation, Benefits, and Job Analysis Specialists",one_to_one,1,1
2018,0650,Training and Development Specialists,0650,Training and Development Specialists,one_to_one,1,1
2018,0700,Logisticians,0700,Logisticians,one_to_one,1,1
2018,0705,Project Management Specialists,0705,Project Management Specialists,new_2018_only,0,1
2018,0710,Management Analysts,0710,Management Analysts,one_to_one,1,1
2018,0725,"Meeting, Convention, and Event Planners",0725,"Meeting, Convention, and Event Planners",one_to_one,1,1
2018,0726,Fundraisers,0726,Fundraisers,one_to_one,1,1
2018,0735,Market Research Analysts and Marketing Specialists,0735,Market Research Analysts and Marketing Specialists,one_to_one,1,1
2018,0750,"Business Operations Specialists, All Other",0750,"Business Operations Specialists, All Other",one_to_one,1,1
2018,0800,Accountants and Auditors,0800,Accountants and Auditors,one_to_one,1,1
2018,0810,Property Appraisers and Assessors,0810,Property Appraisers and Assessors,one_to_one,1,1
2018,0820,Budget Analysts,0820,Budget Analysts,one_to_one,1,1
2018,0830,Credit Analysts,0830,Credit Analysts,one_to_one,1,1
2018,0845,Financial and Investment Analysts,0845,Financial and Investment Analysts,one_to_one,1,1
2018,0850,Personal Financial Advisors,0850,Personal Financial Advisors,one_to_one,1,1
2018,0860,Insurance Underwriters,0860,Insurance Underwriters,one_to_one,1,1
2018,0900,Financial Examiners,0900,Financial Examiners,one_to_one,1,1
2018,0910,Credit Counselors and Loan Officers,0910,Credit Counselors and Loan Officers,one_to_one,1,1
2018,0930,"Tax Examiners and Collectors, and Revenue Agents",0930,"Tax Examiners and Collectors, and Revenue Agents",one_to_one,1,1
2018,0940,Tax Preparers,0940,Tax Preparers,one_to_one,1,1
2018,0960,Other Financial Specialists,0960,Other Financial Specialists,one_to_one,1,1
2018,1005,Computer and Information Research Scientists,1005,Computer and Information Research Scientists,one_to_one,1,1
2018,1006,Computer Systems Analysts,1006,Computer Systems Analysts,one_to_one,1,1
2018,1007,Information Security Analysts,1007,Information Security Analysts,one_to_one,1,1
2018,1010,Computer Programmers,1010,Computer Programmers,one_to_one,1,1
2018,1021,Software Developers,1021,"Software Developers, Applications and Systems Software",split_collapsed,1,2
2018,1022,Software Quality Assurance Analysts and Testers,1021,"Software Developers, Applications and Systems Software",split_collapsed,1,2
2018,1031,Web Developers,1031,Web Developers,split_collapsed,1,2
2018,1032,Web and Digital Interface Designers,1031,Web Developers,split_collapsed,1,2
2018,1050,Computer Support Specialists,1050,Computer Support Specialists,one_to_one,1,1
2018,1065,Database Administrators and Architects,1065,Database Administrators and Architects,one_to_one,1,1
2018,1105,Network and Computer Systems Administrators,1105,Network and Computer Systems Administrators,one_to_one,1,1
2018,1106,Computer Network Architects,1106,Computer Network Architects,one_to_one,1,1
2018,1108,"Computer Occupations, All Other",1108,"Computer Occupations, All Other",one_to_one,1,1
2018,1200,Actuaries,1200,Actuaries,one_to_one,1,1
2018,1210,Mathematicians,1210,Mathematicians,one_to_one,1,1
2018,1220,Operations Research Analysts,1220,Operations Research Analysts,one_to_one,1,1
2018,1230,Statisticians,1230,Statisticians,one_to_one,1,1
2018,1240,Other Mathematical Science Occupations,1240,Other Mathematical Science Occupations,one_to_one,1,1
2018,1305,"Architects, Except Landscape and Naval",1305,"Architects, except naval",split_collapsed,1,2
2018,1306,Landscape Architects,1305,"Architects, except naval",split_collapsed,1,2
2018,1310,"Surveyors, Cartographers, and Photogrammetrists",1310,"Surveyors, Cartographers, and Photogrammetrists",one_to_one,1,1
2018,1320,Aerospace Engineers,1320,Aerospace Engineers,one_to_one,1,1
2018,1330,Agricultural Engineers,1330,Agricultural Engineers,one_to_one,1,1
2018,1340,Bioengineers and biomedical engineers,1340,Bioengineers and biomedical engineers,one_to_one,1,1
2018,1350,Chemical Engineers,1350,Chemical Engineers,one_to_one,1,1
2018,1360,Civil Engineers,1360,Civil Engineers,one_to_one,1,1
2018,1400,Computer Hardware Engineers,1400,Computer Hardware Engineers,one_to_one,1,1
2018,1410,Electrical and Electronics Engineers,1410,Electrical and Electronics Engineers,one_to_one,1,1
2018,1420,Environmental Engineers,1420,Environmental Engineers,one_to_one,1,1
2018,1430,"Industrial Engineers, including Health and Safety",1430,"Industrial Engineers, including Health and Safety",one_to_one,1,1
2018,1440,Marine Engineers and Naval Architects,1440,Marine Engineers and Naval Architects,one_to_one,1,1
2018,1450,Materials Engineers,1450,Materials Engineers,one_to_one,1,1
2018,1460,Mechanical Engineers,1460,Mechanical Engineers,one_to_one,1,1
2018,1500,"Mining and Geological Engineers, Including Mining Safety Engineers",1500,"Mining and Geological Engineers, Including Mining Safety Engineers",one_to_one,1,1
2018,1510,Nuclear Engineers,1510,Nuclear Engineers,one_to_one,1,1
2018,1520,Petroleum Engineers,1520,Petroleum Engineers,one_to_one,1,1
2018,1530,"Engineers, All Other",1530,"Engineers, All Other",one_to_one,1,1
2018,1541,Architectural and Civil Drafters,1541,Drafters,split_collapsed,1,2
2018,1545,Other Drafters,1541,Drafters,split_collapsed,1,2
2018,1551,Electrical and Electronic Engineering Technologists and Technicians,1551,"Engineering Technicians, Except Drafters",split_collapsed,1,2
2018,1555,"Other Engineering Technologists and Technicians, Except Drafters",1551,"Engineering Technicians, Except Drafters",split_collapsed,1,2
2018,1560,Surveying and Mapping Technicians,1560,Surveying and Mapping Technicians,one_to_one,1,1
2018,1600,Agricultural and Food Scientists,1600,Agricultural and Food Scientists,one_to_one,1,1
2018,1610,Biological Scientists,1610,Biological Scientists,one_to_one,1,1
2018,1640,Conservation Scientists and Foresters,1640,Conservation Scientists and Foresters,one_to_one,1,1
2018,1650,Medical Scientists,1650,Medical Scientists,one_to_one,1,1
2018,1660,"Life Scientists, All Other",1660,"Life Scientists, All Other",one_to_one,1,1
2018,1700,Astronomers and Physicists,1700,Astronomers and Physicists,one_to_one,1,1
2018,1710,Atmospheric and Space Scientists,1710,Atmospheric and Space Scientists,one_to_one,1,1
2018,1720,Chemists and Materials Scientists,1720,Chemists and Materials Scientists,one_to_one,1,1
2018,1745,"Environmental Scientists and Specialists, Including Health",1745,Environmental Scientists and Geoscientists,split_collapsed,1,2
2018,1750,"Geoscientists and Hydrologists, Except Geographers",1745,Environmental Scientists and Geoscientists,split_collapsed,1,2
2018,1760,"Physical Scientists, All Other",1760,"Physical Scientists, All Other",one_to_one,1,1
2018,1800,Economists,1800,Economists,one_to_one,1,1
2018,1815,Survey Researchers,1815,Survey Researchers,one_to_one,1,1
2018,1821,Clinical and Counseling Psychologists,1821,Psychologists,split_collapsed,1,3
2018,1822,School Psychologists,1821,Psychologists,split_collapsed,1,3
2018,1825,Other Psychologists,1821,Psychologists,split_collapsed,1,3
2018,1830,Sociologists,1830,Sociologists,one_to_one,1,1
2018,1840,Urban and Regional Planners,1840,Urban and Regional Planners,one_to_one,1,1
2018,1860,Miscellaneous Social Scientists and Related Workers,1860,Miscellaneous Social Scientists and Related Workers,one_to_one,1,1
2018,1900,Agricultural and Food Science Technicians,1900,Agricultural and Food Science Technicians,one_to_one,1,1
2018,1910,Biological Technicians,1910,Biological Technicians,one_to_one,1,1
2018,1920,Chemical Technicians,1920,Chemical Technicians,one_to_one,1,1
2018,1935,Environmental Science and Geoscience Technicians,1935,Environmental Science and Geoscience Technicians,one_to_one,1,1
2018,1940,Nuclear Technicians,1940,Nuclear Technicians,one_to_one,1,1
2018,1950,Social Science Research Assistants,1950,Social Science Research Assistants,one_to_one,1,1
2018,1970,"Other Life, Physical, and Social Science Technicians",1970,"Other Life, Physical, and Social Science Technicians",one_to_one,1,1
2018,1980,Occupational Health and Safety Specialists and Technicians,1980,Other Healthcare Practitioners and Technical Occupations,split_collapsed,1,2
2018,2001,Substance Abuse and Behavioral Disorder Counselors,2001,Counselors,split_collapsed,1,6
2018,2002,"Educational, Guidance, and Career Counselors and Advisors",2001,Counselors,split_collapsed,1,6
2018,2003,Marriage and Family Therapists,2001,Counselors,split_collapsed,1,6
2018,2004,Mental Health Counselors,2001,Counselors,split_collapsed,1,6
2018,2005,Rehabilitation Counselors,2001,Counselors,split_collapsed,1,6
2018,2006,"Counselors, All Other",2001,Counselors,split_collapsed,1,6
2018,2011,"Child, Family, and School Social Workers",2011,Social Workers,split_collapsed,1,4
2018,2012,Healthcare Social Workers,2011,Social Workers,split_collapsed,1,4
2018,2013,Mental Health and Substance Abuse Social Workers,2011,Social Workers,split_collapsed,1,4
2018,2014,"Social Workers, All Other",2011,Social Workers,split_collapsed,1,4
2018,2015,Probation Officers and Correctional Treatment Specialists,2015,Probation Officers and Correctional Treatment Specialists,one_to_one,1,1
2018,2016,Social and Human Service Assistants,2016,Social and Human Service Assistants,one_to_one,1,1
2018,2025,Other Community and Social Service Specialists,2025,Other Community and Social Service Specialists,one_to_one,1,1
2018,2040,Clergy,2040,Clergy,one_to_one,1,1
2018,2050,"Directors, Religious Activities and Education",2050,"Directors, Religious Activities and Education",one_to_one,1,1
2018,2060,"Religious Workers, All Other",2060,"Religious Workers, All Other",one_to_one,1,1
2018,2100,Lawyers,2100,Lawyers,one_to_one,1,1
2018,2105,Judicial Law Clerks,2105,Judicial Law Clerks,one_to_one,1,1
2018,2110,"Judges, Magistrates, and Other Judicial Workers",2110,"Judges, Magistrates, and Other Judicial Workers",one_to_one,1,1
2018,2145,Paralegals and Legal Assistants,2145,Paralegals and Legal Assistants,one_to_one,1,1
2018,2170,"Title Examiners, Abstractors, and Searchers",2170,Miscellaneous Legal Support Workers,split_collapsed,1,3
2018,2180,"Legal Support Workers, All Other",2170,Miscellaneous Legal Support Workers,split_collapsed,1,3
2018,2205,Postsecondary Teachers,2205,Postsecondary Teachers,one_to_one,1,1
2018,2300,Preschool and Kindergarten Teachers,2300,Preschool and Kindergarten Teachers,one_to_one,1,1
2018,2310,Elementary and Middle School Teachers,2310,Elementary and Middle School Teachers,one_to_one,1,1
2018,2320,Secondary School Teachers,2320,Secondary School Teachers,one_to_one,1,1
2018,2330,Special Education Teachers,2330,Special Education Teachers,one_to_one,1,1
2018,2350,Tutors,2350,Other Teachers and Instructors,split_collapsed,1,2
2018,2360,Other Teachers and Instructors,2350,Other Teachers and Instructors,split_collapsed,1,2
2018,2400,"Archivists, Curators, and Museum Technicians",2400,"Archivists, Curators, and Museum Technicians",one_to_one,1,1
2018,2435,Librarians and Media Collections Specialists,2435,Librarians and Media Collections Specialists,one_to_one,1,1
2018,2440,Library Technicians,2440,Library Technicians,one_to_one,1,1
2018,2545,Teaching Assistants,2545,Teaching Assistants,one_to_one,1,1
2018,2555,Other Educational Instruction and Library Workers,2555,Other Educational Instruction and Library Workers,one_to_one,1,1
2018,2600,Artists and Related Workers,2600,Artists and Related Workers,one_to_one,1,1
2018,2631,Commercial and Industrial Designers,2631,Designers,split_collapsed,1,7
2018,2632,Fashion Designers,2631,Designers,split_collapsed,1,7
2018,2633,Floral Designers,2631,Designers,split_collapsed,1,7
2018,2634,Graphic Designers,2631,Designers,split_collapsed,1,7
2018,2635,Interior Designers,2631,Designers,split_collapsed,1,7
2018,2636,Merchandise Displayers and Window Trimmers,2631,Designers,split_collapsed,1,7
2018,2640,Other Designers,2631,Designers,split_collapsed,1,7
2018,2700,Actors,2700,Actors,one_to_one,1,1
2018,2710,Producers and Directors,2710,Producers and Directors,one_to_one,1,1
2018,2721,Athletes and Sports Competitors,2721,"Athletes, Coaches, Umpires, and Related Workers",split_collapsed,1,3
2018,2722,Coaches and Scouts,2721,"Athletes, Coaches, Umpires, and Related Workers",split_collapsed,1,3
2018,2723,"Umpires, Referees, and Other Sports Officials",2721,"Athletes, Coaches, Umpires, and Related Workers",split_collapsed,1,3
2018,2740,Dancers and Choreographers,2740,Dancers and Choreographers,one_to_one,1,1
2018,2751,Music Directors and Composers,2751,"Musicians, Singers, and Related Workers",split_collapsed,1,3
2018,2752,Musicians and Singers,2751,"Musicians, Singers, and Related Workers",split_collapsed,1,3
2018,2755,"Disc jockeys, except radio",2751,"Musicians, Singers, and Related Workers",split_collapsed,1,3
2018,2770,"Entertainers and Performers, Sports and Related Workers, All Other",2770,"Entertainers and Performers, Sports and Related Workers, All Other",one_to_one,1,1
2018,2805,Broadcast Announcers and Radio Disc Jockeys,2805,Broadcast Announcers and Radio Disc Jockeys,one_to_one,1,1
2018,2810,"News Analysts, Reporters, and Journalists",2810,"News Analysts, Reporters, and Journalists",one_to_one,1,1
2018,2825,Public Relations Specialists,2825,Public Relations Specialists,one_to_one,1,1
2018,2830,Editors,2830,Editors,one_to_one,1,1
2018,2840,Technical Writers,2840,Technical Writers,one_to_one,1,1
2018,2850,Writers and Authors,2850,Writers and Authors,one_to_one,1,1
2018,2861,Interpreters and Translators,2861,Miscellaneous Media and Communication Workers,split_collapsed,1,2
2018,2862,Court Reporters and Simultaneous Captioners,2170,Miscellaneous Legal Support Workers,split_collapsed,1,3
2018,2865,"Media and Communication Workers, All Other",2861,Miscellaneous Media and Communication Workers,split_collapsed,1,2
2018,2905,"Broadcast, Sound, and Lighting Technicians",2905,"Broadcast, Sound, and Lighting Technicians",one_to_one,1,1
2018,2910,Photographers,2910,Photographers,one_to_one,1,1
2018,2920,"Television, Video, and Film Camera Operators and Editors",2920,"Television, Video, and Film Camera Operators and Editors",one_to_one,1,1
2018,2970,"Media and Communication Equipment Workers, All Other",2970,"Media and Communication Equipment Workers, All Other",one_to_one,1,1
2018,3000,Chiropractors,3000,Chiropractors,one_to_one,1,1
2018,3010,Dentists,3010,Dentists,one_to_one,1,1
2018,3030,Dietitians and Nutritionists,3030,Dietitians and Nutritionists,one_to_one,1,1
2018,3040,Optometrists,3040,Optometrists,one_to_one,1,1
2018,3050,Pharmacists,3050,Pharmacists,one_to_one,1,1
2018,3065,Emergency Medicine Physicians,3065,Physicians and Surgeons,split_collapsed,1,4
2018,3070,Radiologists,3065,Physicians and Surgeons,split_collapsed,1,4
2018,3090,Other Physicians,3065,Physicians and Surgeons,split_collapsed,1,4
2018,3100,Surgeons,3065,Physicians and Surgeons,split_collapsed,1,4
2018,3110,Physician Assistants,3110,Physician Assistants,one_to_one,1,1
2018,3120,Podiatrists,3120,Podiatrists,one_to_one,1,1
2018,3140,Audiologists,3140,Audiologists,one_to_one,1,1
2018,3150,Occupational Therapists,3150,Occupational Therapists,one_to_one,1,1
2018,3160,Physical Therapists,3160,Physical Therapists,one_to_one,1,1
2018,3200,Radiation Therapists,3200,Radiation Therapists,one_to_one,1,1
2018,3210,Recreational Therapists,3210,Recreational Therapists,one_to_one,1,1
2018,3220,Respiratory Therapists,3220,Respiratory Therapists,one_to_one,1,1
2018,3230,Speech-Language Pathologists,3230,Speech-Language Pathologists,one_to_one,1,1
2018,3235,Exercise Physiologists,3235,Exercise Physiologists,one_to_one,1,1
2018,3245,"Therapists, All Other",3245,"Therapists, All Other",one_to_one,1,1
2018,3250,Veterinarians,3250,Veterinarians,one_to_one,1,1
2018,3255,Registered Nurses,3255,Registered Nurses,one_to_one,1,1
2018,3256,Nurse Anesthetists,3256,Nurse Anesthetists,one_to_one,1,1
2018,3257,Nurse Midwives,3257,Nurse Midwives,one_to_one,1,1
2018,3258,Nurse Practitioners,3258,Nurse Practitioners,one_to_one,1,1
2018,3261,Acupuncturists,3261,"Health Diagnosing and Treating Practitioners, All Other",split_collapsed,1,2
2018,3270,"Healthcare Diagnosing or Treating Practitioners, All Other",3261,"Health Diagnosing and Treating Practitioners, All Other",split_collapsed,1,2
2018,3300,Clinical Laboratory Technologists and Technicians,3300,Clinical Laboratory Technologists and Technicians,one_to_one,1,1
2018,3310,Dental Hygienists,3310,Dental Hygienists,one_to_one,1,1
2018,3321,Cardiovascular Technologists and Technicians,3321,Diagnostic Related Technologists and Technicians,split_collapsed,1,5
2018,3322,Diagnostic Medical Sonographers,3321,Diagnostic Related Technologists and Technicians,split_collapsed,1,5
2018,3323,Radiologic Technologists and Technicians,3321,Diagnostic Related Technologists and Technicians,split_collapsed,1,5
2018,3324,Magnetic Resonance Imaging Technologists,3321,Diagnostic Related Technologists and Technicians,split_collapsed,1,5
2018,3330,Nuclear Medicine Technologists and Medical Dosimetrists,3321,Diagnostic Related Technologists and Technicians,split_collapsed,1,5
2018,3401,Emergency Medical Technicians,3401,Emergency Medical Technicians and Paramedics,split_collapsed,1,2
2018,3402,Paramedics,3401,Emergency Medical Technicians and Paramedics,split_collapsed,1,2
2018,3421,Pharmacy Technicians,3421,Health Practitioner Support Technologists and  Technicians,split_collapsed,1,5
2018,3422,Psychiatric Technicians,3421,Health Practitioner Support Technologists and  Technicians,split_collapsed,1,5
2018,3423,Surgical Technologists,3421,Health Practitioner Support Technologists and  Technicians,split_collapsed,1,5
2018,3424,Veterinary Technologists and Technicians,3421,Health Practitioner Support Technologists and  Technicians,split_collapsed,1,5
2018,3430,Dietetic Technicians and Ophthalmic Medical Technicians,3421,Health Practitioner Support Technologists and  Technicians,split_collapsed,1,5
2018,3500,Licensed Practical and Licensed Vocational Nurses,3500,Licensed Practical and Licensed Vocational Nurses,one_to_one,1,1
2018,3515,Medical Records Specialists,3515,Medical Records Specialists,one_to_one,1,1
2018,3520,"Opticians, Dispensing",3520,"Opticians, Dispensing",one_to_one,1,1
2018,3545,Miscellaneous Health Technologists and Technicians,3545,Miscellaneous Health Technologists and Technicians,one_to_one,1,1
2018,3550,Other Healthcare Practitioners and Technical Occupations,1980,Other Healthcare Practitioners and Technical Occupations,split_collapsed,1,2
2018,3601,Home Health Aides,3601,"Nursing, Psychiatric, and Home Health Aides",split_collapsed,1,3
2018,3602,Personal Care Aides,3602,Personal Care Aides,one_to_one,1,1
2018,3603,Nursing Assistants,3601,"Nursing, Psychiatric, and Home Health Aides",split_collapsed,1,3
2018,3605,Orderlies and Psychiatric Aides,3601,"Nursing, Psychiatric, and Home Health Aides",split_collapsed,1,3
2018,3610,Occupational Therapy Assistants and Aides,3610,Occupational Therapy Assistants and Aides,one_to_one,1,1
2018,3620,Physical Therapist Assistants and Aides,3620,Physical Therapist Assistants and Aides,one_to_one,1,1
2018,3630,Massage Therapists,3630,Massage Therapists,one_to_one,1,1
2018,3640,Dental Assistants,3640,Dental Assistants,one_to_one,1,1
2018,3645,Medical Assistants,3645,Medical Assistants,one_to_one,1,1
2018,3646,Medical Transcriptionists,3646,Medical Transcriptionists,one_to_one,1,1
2018,3647,Pharmacy Aides,3647,Pharmacy Aides,one_to_one,1,1
2018,3648,Veterinary Assistants and Laboratory Animal Caretakers,3648,Veterinary Assistants and Laboratory Animal Caretakers,one_to_one,1,1
2018,3649,Phlebotomists,3649,Phlebotomists,one_to_one,1,1
2018,3655,Other Healthcare Support Workers,3655,Other Healthcare Support Workers,one_to_one,1,1
2018,3700,First-Line Supervisors of Correctional Officers,3700,First-Line Supervisors of Correctional Officers,one_to_one,1,1
2018,3710,First-Line Supervisors of Police and Detectives,3710,First-Line Supervisors of Police and Detectives,one_to_one,1,1
2018,3720,First-Line Supervisors of Firefighting and Prevention Workers,3720,First-Line Supervisors of Firefighting and Prevention Workers,one_to_one,1,1
2018,3725,First-Line Supervisors of Security Workers,3725,"First-Line Supervisors of Protective Service Workers, All Other",split_collapsed,1,2
2018,3735,"First-Line Supervisors of Protective Service Workers, All Other",3725,"First-Line Supervisors of Protective Service Workers, All Other",split_collapsed,1,2
2018,3740,Firefighters,3740,Firefighters,one_to_one,1,1
2018,3750,Fire Inspectors,3750,Fire Inspectors,one_to_one,1,1
2018,3801,Bailiffs,3801,"Bailiffs, Correctional Officers, and Jailers",split_collapsed,1,2
2018,3802,Correctional Officers and Jailers,3801,"Bailiffs, Correctional Officers, and Jailers",split_collapsed,1,2
2018,3820,Detectives and Criminal Investigators,3820,Detectives and Criminal Investigators,one_to_one,1,1
2018,3830,Fish and Game Wardens,3830,Fish and Game Wardens,one_to_one,1,1
2018,3840,Parking Enforcement Workers,3840,Parking Enforcement Workers,one_to_one,1,1
2018,3870,Police Officers,3870,Police Officers,merged,2,1
2018,3900,Animal Control Workers,3900,Animal Control Workers,one_to_one,1,1
2018,3910,Private Detectives and Investigators,3910,Private Detectives and Investigators,one_to_one,1,1
2018,3930,Security Guards and Gambling Surveillance Officers,3930,Security Guards and Gambling Surveillance Officers,one_to_one,1,1
2018,3940,Crossing Guards and Flaggers,3940,Crossing Guards and Flaggers,one_to_one,1,1
2018,3945,Transportation Security Screeners,3945,Transportation Security Screeners,one_to_one,1,1
2018,3946,School Bus Monitors,3946,"Lifeguards and Other Recreational, and All Other Protective Service Workers",split_collapsed,1,2
2018,3960,Other Protective Service Workers,3946,"Lifeguards and Other Recreational, and All Other Protective Service Workers",split_collapsed,1,2
2018,4000,Chefs and Head Cooks,4000,Chefs and Head Cooks,one_to_one,1,1
2018,4010,First-Line Supervisors of Food Preparation and Serving Workers,4010,First-Line Supervisors of Food Preparation and Serving Workers,one_to_one,1,1
2018,4020,Cooks,4020,Cooks,one_to_one,1,1
2018,4030,Food Preparation Workers,4030,Food Preparation Workers,one_to_one,1,1
2018,4040,Bartenders,4040,Bartenders,one_to_one,1,1
2018,4055,Fast Food and Counter Workers,4055,Fast Food and Counter Workers,merged,2,1
2018,4110,Waiters and Waitresses,4110,Waiters and Waitresses,one_to_one,1,1
2018,4120,"Food Servers, Nonrestaurant",4120,"Food Servers, Nonrestaurant",one_to_one,1,1
2018,4130,Dining Room and Cafeteria Attendants and Bartender Helpers,4130,Dining Room and Cafeteria Attendants and Bartender Helpers,one_to_one,1,1
2018,4140,Dishwashers,4140,Dishwashers,one_to_one,1,1
2018,4150,"Hosts and Hostesses, Restaurant, Lounge, and Coffee Shop",4150,"Hosts and Hostesses, Restaurant, Lounge, and Coffee Shop",one_to_one,1,1
2018,4160,"Food Preparation and Serving Related Workers, All Other",4160,"Food Preparation and Serving Related Workers, All Other",one_to_one,1,1
2018,4200,First-Line Supervisors of Housekeeping and Janitorial Workers,4200,First-Line Supervisors of Housekeeping and Janitorial Workers,one_to_one,1,1
2018,4210,"First-Line Supervisors of Landscaping, Lawn Service, and Groundskeeping Workers",4210,"First-Line Supervisors of Landscaping, Lawn Service, and Groundskeeping Workers",one_to_one,1,1
2018,4220,Janitors and Building Cleaners,4220,Janitors and Building Cleaners,one_to_one,1,1
2018,4230,Maids and Housekeeping Cleaners,4230,Maids and Housekeeping Cleaners,one_to_one,1,1
2018,4240,Pest Control Workers,4240,Pest Control Workers,one_to_one,1,1
2018,4251,Landscaping and Groundskeeping Workers,4251,Grounds Maintenance Workers,split_collapsed,1,4
2018,4252,Tree Trimmers and Pruners,4251,Grounds Maintenance Workers,split_collapsed,1,4
2018,4255,Other Grounds Maintenance Workers,4251,Grounds Maintenance Workers,split_collapsed,1,4
2018,4330,Supervisors of Personal Care and Service Workers,4251,Grounds Maintenance Workers,split_collapsed,1,4
2018,4340,Animal Trainers,4340,Animal Trainers,one_to_one,1,1
2018,4350,Animal Caretakers,4350,Animal Caretakers,one_to_one,1,1
2018,4400,Gambling Services Workers,4400,Gambling Services Workers,one_to_one,1,1
2018,4420,"Ushers, Lobby Attendants, and Ticket Takers",4420,"Ushers, Lobby Attendants, and Ticket Takers",one_to_one,1,1
2018,4435,Other Entertainment Attendants and Related Workers,4435,Other Entertainment Attendants and Related Workers,one_to_one,1,1
2018,4461,"Embalmers, Crematory Operators and Funeral Attendants",4461,"Embalmers, Crematory Operators and Funeral Attendants",one_to_one,1,1
2018,4465,"Morticians, Undertakers, and Funeral Arrangers",4465,"Morticians, Undertakers, and Funeral Arrangers",one_to_one,1,1
2018,4500,Barbers,4500,Barbers,one_to_one,1,1
2018,4510,"Hairdressers, Hairstylists, and Cosmetologists",4510,"Hairdressers, Hairstylists, and Cosmetologists",one_to_one,1,1
2018,4521,Manicurists and Pedicurists,4521,Miscellaneous Personal Appearance Workers,split_collapsed,1,3
2018,4522,Skincare Specialists,4521,Miscellaneous Personal Appearance Workers,split_collapsed,1,3
2018,4525,Other Personal Appearance Workers,4521,Miscellaneous Personal Appearance Workers,split_collapsed,1,3
2018,4530,"Baggage Porters, Bellhops, and Concierges",4530,"Baggage Porters, Bellhops, and Concierges",one_to_one,1,1
2018,4540,Tour and Travel Guides,4540,Tour and Travel Guides,one_to_one,1,1
2018,4600,Childcare Workers,4600,Childcare Workers,one_to_one,1,1
2018,4621,Exercise Trainers and Group Fitness Instructors,4621,Recreation and Fitness Workers,split_collapsed,1,2
2018,4622,Recreation Workers,4621,Recreation and Fitness Workers,split_collapsed,1,2
2018,4640,Residential Advisors,4640,Residential Advisors,one_to_one,1,1
2018,4655,"Personal Care and Service Workers, All Other",4655,"Personal Care and Service Workers, All Other",one_to_one,1,1
2018,4700,First-Line Supervisors of Retail Sales Workers,4700,First-Line Supervisors of Retail Sales Workers,one_to_one,1,1
2018,4710,First-Line Supervisors of Non-Retail Sales Workers,4710,First-Line Supervisors of Non-Retail Sales Workers,one_to_one,1,1
2018,4720,Cashiers,4720,Cashiers,one_to_one,1,1
2018,4740,Counter and Rental Clerks,4740,Counter and Rental Clerks,one_to_one,1,1
2018,4750,Parts Salespersons,4750,Parts Salespersons,one_to_one,1,1
2018,4760,Retail Salespersons,4760,Retail Salespersons,one_to_one,1,1
2018,4800,Advertising Sales Agents,4800,Advertising Sales Agents,one_to_one,1,1
2018,4810,Insurance Sales Agents,4810,Insurance Sales Agents,one_to_one,1,1
2018,4820,"Securities, Commodities, and Financial Services Sales Agents",4820,"Securities, Commodities, and Financial Services Sales Agents",one_to_one,1,1
2018,4830,Travel Agents,4830,Travel Agents,one_to_one,1,1
2018,4840,"Sales representatives of services, except advertising, insurance, financial services, and travel",4840,"Sales representatives of services, except advertising, insurance, financial services, and travel",one_to_one,1,1
2018,4850,"Sales Representatives, Wholesale and Manufacturing",4850,"Sales Representatives, Wholesale and Manufacturing",one_to_one,1,1
2018,4900,"Models, Demonstrators, and Product Promoters",4900,"Models, Demonstrators, and Product Promoters",one_to_one,1,1
2018,4920,Real Estate Brokers and Sales Agents,4920,Real Estate Brokers and Sales Agents,one_to_one,1,1
2018,4930,Sales Engineers,4930,Sales Engineers,one_to_one,1,1
2018,4940,Telemarketers,4940,Telemarketers,one_to_one,1,1
2018,4950,"Door-to-Door Sales Workers, News and Street Vendors, and Related Workers",4950,"Door-to-Door Sales Workers, News and Street Vendors, and Related Workers",one_to_one,1,1
2018,4965,"Sales and Related Workers, All Other",4965,"Sales and Related Workers, All Other",one_to_one,1,1
2018,5000,First-Line Supervisors of Office and Administrative Support Workers,5000,First-Line Supervisors of Office and Administrative Support Workers,one_to_one,1,1
2018,5010,"Switchboard Operators, Including Answering Service",5010,"Switchboard Operators, Including Answering Service",one_to_one,1,1
2018,5020,Telephone Operators,5020,Telephone Operators,one_to_one,1,1
2018,5040,"Communications Equipment Operators, All Other",5040,"Communications Equipment Operators, All Other",one_to_one,1,1
2018,5100,Bill and Account Collectors,5100,Bill and Account Collectors,one_to_one,1,1
2018,5110,Billing and Posting Clerks,5110,Billing and Posting Clerks,one_to_one,1,1
2018,5120,"Bookkeeping, Accounting, and Auditing Clerks",5120,"Bookkeeping, Accounting, and Auditing Clerks",one_to_one,1,1
2018,5130,Gambling Cage Workers,5130,Gambling Cage Workers,one_to_one,1,1
2018,5140,Payroll and Timekeeping Clerks,5140,Payroll and Timekeeping Clerks,one_to_one,1,1
2018,5150,Procurement Clerks,5150,Procurement Clerks,one_to_one,1,1
2018,5160,Tellers,5160,Tellers,one_to_one,1,1
2018,5165,"Financial Clerks, All Other",5165,"Financial Clerks, All Other",one_to_one,1,1
2018,5200,Brokerage Clerks,5200,Brokerage Clerks,one_to_one,1,1
2018,5210,Correspondence Clerks,5210,Correspondence Clerks,one_to_one,1,1
2018,5220,"Court, Municipal, and License Clerks",5220,"Court, Municipal, and License Clerks",one_to_one,1,1
2018,5230,"Credit Authorizers, Checkers, and Clerks",5230,"Credit Authorizers, Checkers, and Clerks",one_to_one,1,1
2018,5240,Customer Service Representatives,5240,Customer Service Representatives,one_to_one,1,1
2018,5250,"Eligibility Interviewers, Government Programs",5250,"Eligibility Interviewers, Government Programs",one_to_one,1,1
2018,5260,File Clerks,5260,File Clerks,one_to_one,1,1
2018,5300,"Hotel, Motel, and Resort Desk Clerks",5300,"Hotel, Motel, and Resort Desk Clerks",one_to_one,1,1
2018,5310,"Interviewers, Except Eligibility and Loan",5310,"Interviewers, Except Eligibility and Loan",one_to_one,1,1
2018,5320,"Library Assistants, Clerical",5320,"Library Assistants, Clerical",one_to_one,1,1
2018,5330,Loan Interviewers and Clerks,5330,Loan Interviewers and Clerks,one_to_one,1,1
2018,5340,New Accounts Clerks,5340,New Accounts Clerks,one_to_one,1,1
2018,5350,Order Clerks,5350,Order Clerks,one_to_one,1,1
2018,5360,"Human Resources Assistants, Except Payroll and Timekeeping",5360,"Human Resources Assistants, Except Payroll and Timekeeping",one_to_one,1,1
2018,5400,Receptionists and Information Clerks,5400,Receptionists and Information Clerks,one_to_one,1,1
2018,5410,Reservation and Transportation Ticket Agents and Travel Clerks,5410,Reservation and Transportation Ticket Agents and Travel Clerks,one_to_one,1,1
2018,5420,"Information and Record Clerks, All Other",5420,"Information and Record Clerks, All Other",one_to_one,1,1
2018,5500,Cargo and Freight Agents,5500,Cargo and Freight Agents,one_to_one,1,1
2018,5510,Couriers and Messengers,5510,Couriers and Messengers,one_to_one,1,1
2018,5521,Public Safety Telecommunicators,5521,Dispatchers,split_collapsed,1,2
2018,5522,"Dispatchers, Except Police, Fire, and Ambulance",5521,Dispatchers,split_collapsed,1,2
2018,5530,"Meter Readers, Utilities",5530,"Meter Readers, Utilities",one_to_one,1,1
2018,5540,Postal Service Clerks,5540,Postal Service Clerks,one_to_one,1,1
2018,5550,Postal Service Mail Carriers,5550,Postal Service Mail Carriers,one_to_one,1,1
2018,5560,"Postal Service Mail Sorters, Processors, and Processing Machine Operators",5560,"Postal Service Mail Sorters, Processors, and Processing Machine Operators",one_to_one,1,1
2018,5600,"Production, Planning, and Expediting Clerks",5600,"Production, Planning, and Expediting Clerks",one_to_one,1,1
2018,5610,"Shipping, Receiving, and Inventory Clerks",5610,"Shipping, Receiving, and Inventory Clerks",one_to_one,1,1
2018,5630,"Weighers, Measurers, Checkers, and Samplers, Recordkeeping",5630,"Weighers, Measurers, Checkers, and Samplers, Recordkeeping",one_to_one,1,1
2018,5710,Executive Secretaries and Executive Administrative Assistants,5710,Secretaries and Administrative Assistants,split_collapsed,1,4
2018,5720,Legal Secretaries and Administrative Assistants,5710,Secretaries and Administrative Assistants,split_collapsed,1,4
2018,5730,Medical Secretaries and Administrative Assistants,5710,Secretaries and Administrative Assistants,split_collapsed,1,4
2018,5740,"Secretaries and Administrative Assistants, Except Legal, Medical, and Executive",5710,Secretaries and Administrative Assistants,split_collapsed,1,4
2018,5810,Data Entry Keyers,5810,Data Entry Keyers,one_to_one,1,1
2018,5820,Word Processors and Typists,5820,Word Processors and Typists,one_to_one,1,1
2018,5830,Desktop Publishers,5830,Desktop Publishers,one_to_one,1,1
2018,5840,Insurance Claims and Policy Processing Clerks,5840,Insurance Claims and Policy Processing Clerks,one_to_one,1,1
2018,5850,"Mail Clerks and Mail Machine Operators, Except Postal Service",5850,"Mail Clerks and Mail Machine Operators, Except Postal Service",one_to_one,1,1
2018,5860,"Office Clerks, General",5860,"Office Clerks, General",one_to_one,1,1
2018,5900,"Office Machine Operators, Except Computer",5900,"Office Machine Operators, Except Computer",one_to_one,1,1
2018,5910,Proofreaders and Copy Markers,5910,Proofreaders and Copy Markers,one_to_one,1,1
2018,5920,Statistical Assistants,5920,Statistical Assistants,one_to_one,1,1
2018,5940,"Office and Administrative Support Workers, All Other",5940,"Office and Administrative Support Workers, All Other",one_to_one,1,1
2018,6005,"First-Line Supervisors of Farming, Fishing, and Forestry Workers",6005,"First-Line Supervisors of Farming, Fishing, and Forestry Workers",one_to_one,1,1
2018,6010,Agricultural Inspectors,6010,Agricultural Inspectors,one_to_one,1,1
2018,6020,Animal Breeders,6020,Animal Breeders,one_to_one,1,1
2018,6040,"Graders and Sorters, Agricultural Products",6040,"Graders and Sorters, Agricultural Products",one_to_one,1,1
2018,6050,Miscellaneous Agricultural Workers,6050,Miscellaneous Agricultural Workers,one_to_one,1,1
2018,6115,Fishing and Hunting Workers,6115,Fishing and Hunting Workers,merged,2,1
2018,6120,Forest and Conservation Workers,6120,Forest and Conservation Workers,one_to_one,1,1
2018,6130,Logging Workers,6130,Logging Workers,one_to_one,1,1
2018,6200,First-Line Supervisors of Construction Trades and Extraction Workers,6200,First-Line Supervisors of Construction Trades and Extraction Workers,one_to_one,1,1
2018,6210,Boilermakers,6210,Boilermakers,one_to_one,1,1
2018,6220,"Brickmasons, Blockmasons, and Stonemasons",6220,"Brickmasons, Blockmasons, and Stonemasons",one_to_one,1,1
2018,6230,Carpenters,6230,Carpenters,one_to_one,1,1
2018,6240,"Carpet, Floor, and Tile Installers and Finishers",6240,"Carpet, Floor, and Tile Installers and Finishers",one_to_one,1,1
2018,6250,"Cement Masons, Concrete Finishers, and Terrazzo Workers",6250,"Cement Masons, Concrete Finishers, and Terrazzo Workers",one_to_one,1,1
2018,6260,Construction Laborers,6260,Construction Laborers,one_to_one,1,1
2018,6305,Construction Equipment Operators,6305,Construction Equipment Operators,merged,3,1
2018,6330,"Drywall Installers, Ceiling Tile Installers, and Tapers",6330,"Drywall Installers, Ceiling Tile Installers, and Tapers",one_to_one,1,1
2018,6355,Electricians,6355,Electricians,one_to_one,1,1
2018,6360,Glaziers,6360,Glaziers,one_to_one,1,1
2018,6400,Insulation Workers,6400,Insulation Workers,one_to_one,1,1
2018,6410,Painters and Paperhangers,6410,Painters and Paperhangers,merged,3,1
2018,6441,Pipelayers,6441,Pipelayers,new_2018_only,0,1
2018,6442,"Plumbers, Pipefitters, and Steamfitters",6442,"Plumbers, Pipefitters, and Steamfitters",new_2018_only,0,1
2018,6460,Plasterers and Stucco Masons,6460,Plasterers and Stucco Masons,one_to_one,1,1
2018,6500,Reinforcing Iron and Rebar Workers,6500,Reinforcing Iron and Rebar Workers,one_to_one,1,1
2018,6515,Roofers,6515,Roofers,one_to_one,1,1
2018,6520,Sheet Metal Workers,6520,Sheet Metal Workers,one_to_one,1,1
2018,6530,Structural Iron and Steel Workers,6530,Structural Iron and Steel Workers,one_to_one,1,1
2018,6540,Solar Photovoltaic Installers,6540,Solar Photovoltaic Installers,one_to_one,1,1
2018,6600,"Helpers, Construction Trades",6600,"Helpers, Construction Trades",one_to_one,1,1
2018,6660,Construction and Building Inspectors,6660,Construction and Building Inspectors,one_to_one,1,1
2018,6700,Elevator and escalator installers and repairers,6700,Elevator and escalator installers and repairers,one_to_one,1,1
2018,6710,Fence Erectors,6710,Fence Erectors,one_to_one,1,1
2018,6720,Hazardous Materials Removal Workers,6720,Hazardous Materials Removal Workers,one_to_one,1,1
2018,6730,Highway Maintenance Workers,6730,Highway Maintenance Workers,one_to_one,1,1
2018,6740,Rail-Track Laying and Maintenance Equipment Operators,6740,Rail-Track Laying and Maintenance Equipment Operators,one_to_one,1,1
2018,6750,Septic Tank Servicers and Sewer Pipe Cleaners,6750,Septic Tank Servicers and Sewer Pipe Cleaners,one_to_one,1,1
2018,6765,Miscellaneous Construction and Related Workers,6765,Miscellaneous Construction and Related Workers,one_to_one,1,1
2018,6800,"Derrick, Rotary Drill, and Service Unit Operators, Oil and Gas",6800,"Derrick, Rotary Drill, and Service Unit Operators, Oil and Gas",one_to_one,1,1
2018,6821,"Excavating and Loading Machine and Dragline Operators, Surface Mining",6821,"Excavating and Loading Machine and Dragline Operators, Surface Mining",new_2018_only,0,1
2018,6825,"Earth Drillers, Except Oil and Gas",6825,"Earth Drillers, Except Oil and Gas",one_to_one,1,1
2018,6835,"Explosives Workers, Ordnance Handling Experts, and Blasters",6835,"Explosives Workers, Ordnance Handling Experts, and Blasters",one_to_one,1,1
2018,6850,Underground Mining Machine Operators,6850,Underground Mining Machine Operators,merged,2,1
2018,6920,"Roustabouts, Oil and Gas",6920,"Roustabouts, Oil and Gas",one_to_one,1,1
2018,6950,Other Extraction Workers,6950,Other Extraction Workers,one_to_one,1,1
2018,7000,"First-Line Supervisors of Mechanics, Installers, and Repairers",7000,"First-Line Supervisors of Mechanics, Installers, and Repairers",one_to_one,1,1
2018,7010,"Computer, Automated Teller, and Office Machine Repairers",7010,"Computer, Automated Teller, and Office Machine Repairers",one_to_one,1,1
2018,7020,Radio and Telecommunications Equipment Installers and Repairers,7020,Radio and Telecommunications Equipment Installers and Repairers,one_to_one,1,1
2018,7030,Avionics Technicians,7030,Avionics Technicians,one_to_one,1,1
2018,7040,"Electric Motor, Power Tool, and Related Repairers",7040,"Electric Motor, Power Tool, and Related Repairers",one_to_one,1,1
2018,7050,"Electrical and Electronics Installers and Repairers, Transportation Equipment",7050,"Electrical and Electronics Installers and Repairers, Transportation Equipment",one_to_one,1,1
2018,7100,"Electrical and Electronics Repairers, Industrial and Utility",7100,"Electrical and Electronics Repairers, Industrial and Utility",one_to_one,1,1
2018,7110,"Electronic Equipment Installers and Repairers, Motor Vehicles",7110,"Electronic Equipment Installers and Repairers, Motor Vehicles",one_to_one,1,1
2018,7120,Audiovisual equipment installers and repairers,7120,Audiovisual equipment installers and repairers,one_to_one,1,1
2018,7130,Security and Fire Alarm Systems Installers,7130,Security and Fire Alarm Systems Installers,one_to_one,1,1
2018,7140,Aircraft Mechanics and Service Technicians,7140,Aircraft Mechanics and Service Technicians,one_to_one,1,1
2018,7150,Automotive Body and Related Repairers,7150,Automotive Body and Related Repairers,one_to_one,1,1
2018,7160,Automotive Glass Installers and Repairers,7160,Automotive Glass Installers and Repairers,one_to_one,1,1
2018,7200,Automotive Service Technicians and Mechanics,7200,Automotive Service Technicians and Mechanics,one_to_one,1,1
2018,7210,Bus and Truck Mechanics and Diesel Engine Specialists,7210,Bus and Truck Mechanics and Diesel Engine Specialists,one_to_one,1,1
2018,7220,Heavy Vehicle and Mobile Equipment Service Technicians and Mechanics,7220,Heavy Vehicle and Mobile Equipment Service Technicians and Mechanics,one_to_one,1,1
2018,7240,Small Engine Mechanics,7240,Small Engine Mechanics,one_to_one,1,1
2018,7260,"Miscellaneous Vehicle and Mobile Equipment Mechanics, Installers, and Repairers",7260,"Miscellaneous Vehicle and Mobile Equipment Mechanics, Installers, and Repairers",one_to_one,1,1
2018,7300,Control and Valve Installers and Repairers,7300,Control and Valve Installers and Repairers,one_to_one,1,1
2018,7315,"Heating, Air Conditioning, and Refrigeration Mechanics and Installers",7315,"Heating, Air Conditioning, and Refrigeration Mechanics and Installers",one_to_one,1,1
2018,7320,Home Appliance Repairers,7320,Home Appliance Repairers,one_to_one,1,1
2018,7330,Industrial and Refractory Machinery Mechanics,7330,Industrial and Refractory Machinery Mechanics,one_to_one,1,1
2018,7340,"Maintenance and Repair Workers, General",7340,"Maintenance and Repair Workers, General",one_to_one,1,1
2018,7350,"Maintenance Workers, Machinery",7350,"Maintenance Workers, Machinery",one_to_one,1,1
2018,7360,Millwrights,7360,Millwrights,one_to_one,1,1
2018,7410,Electrical Power-Line Installers and Repairers,7410,Electrical Power-Line Installers and Repairers,one_to_one,1,1
2018,7420,Telecommunications Line Installers and Repairers,7420,Telecommunications Line Installers and Repairers,one_to_one,1,1
2018,7430,Precision Instrument and Equipment Repairers,7430,Precision Instrument and Equipment Repairers,one_to_one,1,1
2018,7440,Wind Turbine Service Technicians,7440,Wind Turbine Service Technicians,one_to_one,1,1
2018,7510,"Coin, Vending, and Amusement Machine Servicers and Repairers",7510,"Coin, Vending, and Amusement Machine Servicers and Repairers",one_to_one,1,1
2018,7520,Commercial Divers,7520,Commercial Divers,one_to_one,1,1
2018,7540,Locksmiths and Safe Repairers,7540,Locksmiths and Safe Repairers,one_to_one,1,1
2018,7550,Manufactured Building and Mobile Home Installers,7550,Manufactured Building and Mobile Home Installers,one_to_one,1,1
2018,7560,Riggers,7560,Riggers,one_to_one,1,1
2018,7610,"Helpers--Installation, Maintenance, and Repair Workers",7610,"Helpers--Installation, Maintenance, and Repair Workers",one_to_one,1,1
2018,7640,"Other Installation, Maintenance, and Repair Workers",7640,"Other Installation, Maintenance, and Repair Workers",one_to_one,1,1
2018,7700,First-Line Supervisors of Production and Operating Workers,7700,First-Line Supervisors of Production and Operating Workers,one_to_one,1,1
2018,7710,"Aircraft Structure, Surfaces, Rigging, and Systems Assemblers",7710,"Aircraft Structure, Surfaces, Rigging, and Systems Assemblers",one_to_one,1,1
2018,7720,"Electrical, Electronics, and Electromechanical Assemblers",7720,"Electrical, Electronics, and Electromechanical Assemblers",one_to_one,1,1
2018,7730,Engine and Other Machine Assemblers,7730,Engine and Other Machine Assemblers,one_to_one,1,1
2018,7740,Structural Metal Fabricators and Fitters,7740,Structural Metal Fabricators and Fitters,one_to_one,1,1
2018,7750,Other Assemblers and Fabricators,7750,Other Assemblers and Fabricators,one_to_one,1,1
2018,7800,Bakers,7800,Bakers,one_to_one,1,1
2018,7810,"Butchers and Other Meat, Poultry, and Fish Processing Workers",7810,"Butchers and Other Meat, Poultry, and Fish Processing Workers",one_to_one,1,1
2018,7830,"Food and Tobacco Roasting, Baking, and Drying Machine Operators and Tenders",7830,"Food and Tobacco Roasting, Baking, and Drying Machine Operators and Tenders",one_to_one,1,1
2018,7840,Food Batchmakers,7840,Food Batchmakers,one_to_one,1,1
2018,7850,Food Cooking Machine Operators and Tenders,7850,Food Cooking Machine Operators and Tenders,one_to_one,1,1
2018,7855,"Food Processing Workers, All Other",7855,"Food Processing Workers, All Other",one_to_one,1,1
2018,7905,Computer numerically controlled tool operators and programmers,7905,Computer numerically controlled tool operators and programmers,one_to_one,1,1
2018,7925,"Forming Machine Setters, Operators, and Tenders, Metal and Plastic",7925,"Forming Machine Setters, Operators, and Tenders, Metal and Plastic",merged,3,1
2018,7950,"Cutting, Punching, and Press Machine Setters, Operators, and Tenders, Metal and Plastic",7950,"Cutting, Punching, and Press Machine Setters, Operators, and Tenders, Metal and Plastic",one_to_one,1,1
2018,8000,"Grinding, Lapping, Polishing, and Buffing Machine Tool Setters, Operators, and Tenders, Metal and Plastic",8000,"Grinding, Lapping, Polishing, and Buffing Machine Tool Setters, Operators, and Tenders, Metal and Plastic",one_to_one,1,1
2018,8025,"Other Machine Tool Setters, Operators, and Tenders, Metal and Plastic",8025,"Other Machine Tool Setters, Operators, and Tenders, Metal and Plastic",merged,3,1
2018,8030,Machinists,8030,Machinists,one_to_one,1,1
2018,8040,"Metal Furnace Operators, Tenders, Pourers, and Casters",8040,"Metal Furnace Operators, Tenders, Pourers, and Casters",one_to_one,1,1
2018,8060,"Model Makers and Patternmakers, Metal and Plastic",8060,"Model Makers and Patternmakers, Metal and Plastic",one_to_one,1,1
2018,8100,"Molders and Molding Machine Setters, Operators, and Tenders, Metal and Plastic",8100,"Molders and Molding Machine Setters, Operators, and Tenders, Metal and Plastic",one_to_one,1,1
2018,8130,Tool and Die Makers,8130,Tool and Die Makers,one_to_one,1,1
2018,8140,"Welding, Soldering, and Brazing Workers",8140,"Welding, Soldering, and Brazing Workers",one_to_one,1,1
2018,8225,Other Metal Workers and Plastic Workers,8225,Other Metal Workers and Plastic Workers,merged,6,1
2018,8250,Prepress Technicians and Workers,8250,Prepress Technicians and Workers,one_to_one,1,1
2018,8255,Printing Press Operators,8255,Printing Press Operators,one_to_one,1,1
2018,8256,Print Binding and Finishing Workers,8256,Print Binding and Finishing Workers,one_to_one,1,1
2018,8300,Laundry and Dry-Cleaning Workers,8300,Laundry and Dry-Cleaning Workers,one_to_one,1,1
2018,8310,"Pressers, Textile, Garment, and Related Materials",8310,"Pressers, Textile, Garment, and Related Materials",one_to_one,1,1
2018,8320,Sewing Machine Operators,8320,Sewing Machine Operators,one_to_one,1,1
2018,8335,Shoe and Leather Workers,8335,Shoe and Leather Workers,merged,2,1
2018,8350,"Tailors, Dressmakers, and Sewers",8350,"Tailors, Dressmakers, and Sewers",one_to_one,1,1
2018,8365,"Textile Machine Setters, Operators, and Tenders",8365,"Textile Machine Setters, Operators, and Tenders",merged,4,1
2018,8450,Upholsterers,8450,Upholsterers,one_to_one,1,1
2018,8465,"Other Textile, Apparel, and Furnishings Workers",8465,"Other Textile, Apparel, and Furnishings Workers",merged,3,1
2018,8500,Cabinetmakers and Bench Carpenters,8500,Cabinetmakers and Bench Carpenters,one_to_one,1,1
2018,8510,Furniture Finishers,8510,Furniture Finishers,one_to_one,1,1
2018,8530,"Sawing Machine Setters, Operators, and Tenders, Wood",8530,"Sawing Machine Setters, Operators, and Tenders, Wood",one_to_one,1,1
2018,8540,"Woodworking Machine Setters, Operators, and Tenders, Except Sawing",8540,"Woodworking Machine Setters, Operators, and Tenders, Except Sawing",one_to_one,1,1
2018,8555,Other Woodworkers,8555,Other Woodworkers,merged,2,1
2018,8600,"Power Plant Operators, Distributors, and Dispatchers",8600,"Power Plant Operators, Distributors, and Dispatchers",one_to_one,1,1
2018,8610,Stationary Engineers and Boiler Operators,8610,Stationary Engineers and Boiler Operators,one_to_one,1,1
2018,8620,Water and Wastewater Treatment Plant and System Operators,8620,Water and Wastewater Treatment Plant and System Operators,one_to_one,1,1
2018,8630,Miscellaneous Plant and System Operators,8630,Miscellaneous Plant and System Operators,one_to_one,1,1
2018,8640,"Chemical Processing Machine Setters, Operators, and Tenders",8640,"Chemical Processing Machine Setters, Operators, and Tenders",one_to_one,1,1
2018,8650,"Crushing, Grinding, Polishing, Mixing, and Blending Workers",8650,"Crushing, Grinding, Polishing, Mixing, and Blending Workers",one_to_one,1,1
2018,8710,Cutting Workers,8710,Cutting Workers,one_to_one,1,1
2018,8720,"Extruding, Forming, Pressing, and Compacting Machine Setters, Operators, and Tenders",8720,"Extruding, Forming, Pressing, and Compacting Machine Setters, Operators, and Tenders",one_to_one,1,1
2018,8730,"Furnace, Kiln, Oven, Drier, and Kettle Operators and Tenders",8730,"Furnace, Kiln, Oven, Drier, and Kettle Operators and Tenders",one_to_one,1,1
2018,8740,"Inspectors, Testers, Sorters, Samplers, and Weighers",8740,"Inspectors, Testers, Sorters, Samplers, and Weighers",one_to_one,1,1
2018,8750,Jewelers and Precious Stone and Metal Workers,8750,Jewelers and Precious Stone and Metal Workers,one_to_one,1,1
2018,8760,Dental and Ophthalmic Laboratory Technicians and Medical Appliance Technicians,8760,Dental and Ophthalmic Laboratory Technicians and Medical Appliance Technicians,one_to_one,1,1
2018,8800,Packaging and Filling Machine Operators and Tenders,8800,Packaging and Filling Machine Operators and Tenders,one_to_one,1,1
2018,8810,Painting Workers,8810,Painting Workers,one_to_one,1,1
2018,8830,Photographic Process Workers and Processing Machine Operators,8830,Photographic Process Workers and Processing Machine Operators,one_to_one,1,1
2018,8850,Adhesive Bonding Machine Operators and Tenders,8850,Adhesive Bonding Machine Operators and Tenders,one_to_one,1,1
2018,8865,Other Production Equipment Operators and Tenders,8865,Other Production Equipment Operators and Tenders,merged,2,1
2018,8910,Etchers and Engravers,8910,Etchers and Engravers,one_to_one,1,1
2018,8920,"Molders, Shapers, and Casters, Except Metal and Plastic",8920,"Molders, Shapers, and Casters, Except Metal and Plastic",one_to_one,1,1
2018,8930,"Paper Goods Machine Setters, Operators, and Tenders",8930,"Paper Goods Machine Setters, Operators, and Tenders",one_to_one,1,1
2018,8940,Tire Builders,8940,Tire Builders,one_to_one,1,1
2018,8950,Helpers--Production Workers,8950,Helpers--Production Workers,one_to_one,1,1
2018,8990,Other Production Workers,8990,Other Production Workers,merged,2,1
2018,9005,Supervisors of Transportation and Material Moving Workers,9005,Supervisors of Transportation and Material Moving Workers,one_to_one,1,1
2018,9010,Housewife / Homemaker,9010,Housewife / Homemaker,supplemental_not_in_labor_force,1,1
2018,9020,Volunteer,9020,Volunteer,supplemental_not_in_labor_force,1,1
2018,9030,Aircraft Pilots and Flight Engineers,9030,Aircraft Pilots and Flight Engineers,one_to_one,1,1
2018,9040,Air Traffic Controllers and Airfield Operations Specialists,9040,Air Traffic Controllers and Airfield Operations Specialists,one_to_one,1,1
2018,9050,Flight Attendants,9050,Flight Attendants,one_to_one,1,1
2018,9060,Retired,9060,Retired,supplemental_not_in_labor_force,1,1
2018,9070,Student,9070,Student,supplemental_not_in_labor_force,1,1
2018,9100,Did not work / Child or Infant / Patient / Disabled / Inmate / Disabled Veteran,9100,Did not work / Child or Infant / Patient / Disabled / Inmate / Disabled Veteran,supplemental_not_in_labor_force,1,1
2018,9110,"Ambulance Drivers and Attendants, Except Emergency Medical Technicians",9110,"Ambulance Drivers and Attendants, Except Emergency Medical Technicians",one_to_one,1,1
2018,9121,"Bus Drivers, School",9121,Bus Drivers,split_collapsed,1,2
2018,9122,"Bus Drivers, Transit and Intercity",9121,Bus Drivers,split_collapsed,1,2
2018,9130,Driver/Sales Workers and Truck Drivers,9130,Driver/Sales Workers and Truck Drivers,one_to_one,1,1
2018,9141,Shuttle Drivers and Chauffeurs,9141,Taxi Drivers and Chauffeurs,split_collapsed,1,2
2018,9142,Taxi Drivers,9141,Taxi Drivers and Chauffeurs,split_collapsed,1,2
2018,9150,"Motor Vehicle Operators, All Other",9150,"Motor Vehicle Operators, All Other",one_to_one,1,1
2018,9210,Locomotive Engineers and Operators,9210,Locomotive Engineers and Operators,one_to_one,1,1
2018,9240,Railroad Conductors and Yardmasters,9240,Railroad Conductors and Yardmasters,one_to_one,1,1
2018,9265,Other Rail Transportation Workers,9265,Other Rail Transportation Workers,merged,2,1
2018,9300,Sailors and Marine Oilers,9300,Sailors and Marine Oilers,one_to_one,1,1
2018,9310,Ship and Boat Captains and Operators,9310,Ship and Boat Captains and Operators,one_to_one,1,1
2018,9330,Ship Engineers,9330,Ship Engineers,one_to_one,1,1
2018,9350,Parking Attendants,9350,Parking Attendants,one_to_one,1,1
2018,9365,Transportation Service Attendants,9365,Transportation Service Attendants,one_to_one,1,1
2018,9410,Transportation Inspectors,9410,Transportation Inspectors,one_to_one,1,1
2018,9415,Passenger Attendants,9415,Passenger Attendants,one_to_one,1,1
2018,9430,Other Transportation Workers,9430,Other Transportation Workers,merged,2,1
2018,9510,Crane and Tower Operators,9510,Crane and Tower Operators,one_to_one,1,1
2018,9570,"Conveyor, Dredge, and Hoist and Winch Operators",9570,"Conveyor, Dredge, and Hoist and Winch Operators",merged,3,1
2018,9600,Industrial Truck and Tractor Operators,9600,Industrial Truck and Tractor Operators,one_to_one,1,1
2018,9610,Cleaners of Vehicles and Equipment,9610,Cleaners of Vehicles and Equipment,one_to_one,1,1
2018,9620,"Laborers and Freight, Stock, and Material Movers, Hand",9620,"Laborers and Freight, Stock, and Material Movers, Hand",one_to_one,1,1
2018,9630,Machine Feeders and Offbearers,9630,Machine Feeders and Offbearers,one_to_one,1,1
2018,9640,"Packers and Packagers, Hand",9640,"Packers and Packagers, Hand",one_to_one,1,1
2018,9645,Stockers and Order Fillers,9645,Stockers and Order Fillers,one_to_one,1,1
2018,9650,Pumping Station Operators,9650,Pumping Station Operators,one_to_one,1,1
2018,9720,Refuse and Recyclable Material Collectors,9720,Refuse and Recyclable Material Collectors,one_to_one,1,1
2018,9760,Other Material Moving Workers,9760,Other Material Moving Workers,merged,3,1
2018,9800,Military Officer Special and Tactical Operations Leaders,9800,Military Officer Special and Tactical Operations Leaders,one_to_one,1,1
2018,9810,First-Line Enlisted Military Supervisors,9810,First-Line Enlisted Military Supervisors,one_to_one,1,1
2018,9825,Military Enlisted Tactical Operations and Air/Weapons Specialists and Crew Members,9825,Military Enlisted Tactical Operations and Air/Weapons Specialists and Crew Members,one_to_one,1,1
2018,9830,"Military, occupation blank",9830,"Military, occupation blank",supplemental_military,1,1
2018,9840,"Military, commissioned officers and warrant officers",9840,"Military, commissioned officers and warrant officers",supplemental_military,1,1
2018,9850,"Military, non-commissioned officers and other enlisted personnel",9850,"Military, non-commissioned officers and other enlisted personnel",supplemental_military,1,1
2018,9900,"Blank, unknown, don't know, refused, or information inadequate",9900,"Blank, unknown, don't know, refused, or information inadequate",supplemental_unknown,1,1
2018,9920,"Unemployed, with no work experience in the last 5 years or earlier or never worked",9920,"Unemployed, with no work experience in the last 5 years or earlier or never worked",one_to_one,1,1
